Order ID,Customer,Amount,Currency,Date,Channel
ORD-2024-00001,Carrefour Marina,4146.95,AED,2024-09-03,web
ORD-2024-00002,Carrefour Marina,64.5,USD,2024-09-28,app
ORD-2024-00003,Al Maya Group,1276.49,AED,2024-09-08,link
ORD-2024-00004,Al Maya Group,1330.25,AED,2024-09-22,web
ORD-2024-00005,Jumbo Electronics,59.95,AED,2024-09-10,link
ORD-2024-00006,Nando's JLT,1873.99,AED,2024-09-07,link
ORD-2024-00007,Zara Home Dubai,104.99,AED,2024-09-02,web
ORD-2024-00008,Spinneys Motor City,4023,AED,2024-09-16,app
ORD-2024-00009,Carrefour Marina,5503.25,AED,2024-09-30,link
ORD-2024-00010,Noon Retail,996.95,AED,2024-09-18,pos
ORD-2024-00011,Café Bateel,180.1,USD,2024-09-07,pos
ORD-2024-00012,Café Bateel,1388.49,USD,2024-09-06,link
ORD-2024-00013,Carrefour Marina,9264.05,AED,2024-09-19,link
ORD-2024-00014,Nando's JLT,3131.1,AED,2024-09-19,link
ORD-2024-00015,Kibsons,112.49,SAR,2024-09-28,web
ORD-2024-00016,Kibsons,2475.49,AED,2024-09-24,web
ORD-2024-00017,Jumbo Electronics,10285.5,AED,2024-09-13,web
ORD-2024-00018,Lulu Hypermarket,2037.99,AED,2024-09-23,app
ORD-2024-00019,Spinneys Motor City,7915,AED,2024-09-24,app
ORD-2024-00020,Home Centre,2081.5,AED,2024-09-26,app
ORD-2024-00021,Nando's JLT,65.05,USD,2024-09-05,link
ORD-2024-00022,Al Futtaim Trading,16,USD,2024-09-03,link
ORD-2024-00023,Lulu Hypermarket,270.75,SAR,2024-09-10,pos
ORD-2024-00024,Kibsons,5026.1,EUR,2024-09-06,link
ORD-2024-00025,Carrefour Marina,173.25,AED,2024-09-19,app
ORD-2024-00026,Zara Home Dubai,1065.25,AED,2024-09-28,link
ORD-2024-00027,Noon Retail,132,USD,2024-09-14,link
ORD-2024-00028,Sharaf DG,841.1,AED,2024-09-12,web
ORD-2024-00029,Kibsons,182,AED,2024-09-08,app
ORD-2024-00030,Müller & Co,9324.99,EUR,2024-09-15,pos
ORD-2024-00031,Noon Retail,91.95,AED,2024-09-10,link
ORD-2024-00032,Nando's JLT,2345.49,AED,2024-09-13,app
ORD-2024-00033,Home Centre,13042.05,AED,2024-09-30,pos
ORD-2024-00034,Nando's JLT,2620.49,AED,2024-09-07,pos
ORD-2024-00035,Lulu Hypermarket,5015.25,SAR,2024-09-04,link
ORD-2024-00036,Kibsons,13884.5,AED,2024-09-11,app
ORD-2024-00037,Home Centre,594.1,SAR,2024-09-30,app
ORD-2024-00038,Sharaf DG,14783.1,AED,2024-09-21,app
ORD-2024-00039,Émile Boutique,2006.99,AED,2024-09-12,link
ORD-2024-00040,Nando's JLT,112.49,AED,2024-09-19,app
ORD-2024-00041,Al Maya Group,1267.99,AED,2024-09-21,pos
ORD-2024-00042,Jumbo Electronics,92.05,AED,2024-09-02,pos
ORD-2024-00043,Al Maya Group,625.05,AED,2024-09-03,pos
ORD-2024-00044,Lulu Hypermarket,10018.1,AED,2024-09-29,link
ORD-2024-00045,Al Futtaim Trading,1150,USD,2024-09-17,app
ORD-2024-00046,Café Bateel,161.95,SAR,2024-09-23,web
ORD-2024-00047,Al Maya Group,126,AED,2024-09-22,app
ORD-2024-00048,Lulu Hypermarket,4766.5,USD,2024-09-18,pos
ORD-2024-00049,Noon Retail,936.99,USD,2024-09-25,app
ORD-2024-00050,Al Futtaim Trading,9690.99,AED,2024-09-13,web
ORD-2024-00051,Nando's JLT,528.5,AED,2024-09-01,app
ORD-2024-00052,Home Centre,391,AED,2024-09-26,app
ORD-2024-00053,Kibsons,145.05,SAR,2024-09-25,app
ORD-2024-00054,Home Centre,1320.49,USD,2024-09-09,pos
ORD-2024-00055,Spinneys Motor City,27,AED,2024-09-19,pos
ORD-2024-00056,Noon Retail,84.49,USD,2024-09-23,app
ORD-2024-00057,Home Centre,2036.49,USD,2024-09-19,link
ORD-2024-00058,Café Bateel,114.75,AED,2024-09-01,pos
ORD-2024-00059,Spinneys Motor City,2022.5,AED,2024-09-19,pos
ORD-2024-00060,Kibsons,1268.05,AED,2024-09-13,app
ORD-2024-00061,Nando's JLT,5781.1,USD,2024-09-15,web
ORD-2024-00062,Café Bateel,35,AED,2024-09-08,link
ORD-2024-00063,Müller & Co,10671.99,AED,2024-09-03,app
ORD-2024-00064,Al Futtaim Trading,9383.25,USD,2024-09-09,web
ORD-2024-00065,Sharaf DG,92.75,AED,2024-09-24,app
ORD-2024-00066,Nando's JLT,3121.5,EUR,2024-09-27,app
ORD-2024-00067,Carrefour Marina,121.75,AED,2024-09-02,app
ORD-2024-00068,Home Centre,834.5,USD,2024-09-27,web
ORD-2024-00069,Café Bateel,24,AED,2024-09-11,app
ORD-2024-00070,Spinneys Motor City,46.25,AED,2024-09-28,web
ORD-2024-00071,Émile Boutique,12751.49,AED,2024-09-20,app
ORD-2024-00072,Home Centre,51.75,AED,2024-09-27,app
ORD-2024-00073,Jumbo Electronics,1882.99,AED,2024-09-20,pos
ORD-2024-00074,Café Bateel,1427.25,AED,2024-09-21,web
ORD-2024-00075,Kibsons,5367.49,AED,2024-09-21,pos
ORD-2024-00076,Al Futtaim Trading,7852.5,SAR,2024-09-20,web
ORD-2024-00077,Lulu Hypermarket,165,AED,2024-09-14,web
ORD-2024-00078,Zara Home Dubai,890.1,AED,2024-09-13,app
ORD-2024-00079,Jumbo Electronics,1444.5,AED,2024-09-20,web
ORD-2024-00080,Müller & Co,104,SAR,2024-09-10,app
ORD-2024-00081,Al Futtaim Trading,12157,EUR,2024-09-17,app
ORD-2024-00082,Zara Home Dubai,23.49,SAR,2024-09-04,web
ORD-2024-00083,Émile Boutique,8995,AED,2024-09-06,pos
ORD-2024-00084,Jumbo Electronics,1638.75,AED,2024-09-07,app
ORD-2024-00085,Café Bateel,179.25,AED,2024-09-11,link
ORD-2024-00086,Al Futtaim Trading,25,AED,2024-09-12,link
ORD-2024-00087,Sharaf DG,181.05,EUR,2024-09-04,link
ORD-2024-00088,Nando's JLT,2063.25,EUR,2024-09-17,link
ORD-2024-00089,Kibsons,1824.99,AED,2024-09-25,link
ORD-2024-00090,Spinneys Motor City,66,USD,2024-09-17,app
ORD-2024-00091,Müller & Co,5456.49,EUR,2024-09-17,pos
ORD-2024-00092,Al Futtaim Trading,191.49,AED,2024-09-01,pos
ORD-2024-00093,Nando's JLT,5161,USD,2024-09-06,pos
ORD-2024-00094,Zara Home Dubai,14292.49,AED,2024-09-22,pos
ORD-2024-00095,Spinneys Motor City,2476.1,AED,2024-09-02,app
ORD-2024-00096,Kibsons,227.1,AED,2024-09-03,app
ORD-2024-00097,Al Maya Group,2246.95,AED,2024-09-04,link
ORD-2024-00098,Café Bateel,161.75,AED,2024-09-21,app
ORD-2024-00099,Home Centre,816.05,EUR,2024-09-06,pos
ORD-2024-00100,Spinneys Motor City,95,SAR,2024-09-26,web
ORD-2024-00101,Home Centre,769.1,AED,2024-09-22,app
ORD-2024-00102,Carrefour Marina,2354,USD,2024-09-27,web
ORD-2024-00103,Müller & Co,199,AED,2024-09-16,link
ORD-2024-00104,Kibsons,8.95,USD,2024-09-19,web
ORD-2024-00105,Müller & Co,7289.5,SAR,2024-09-19,pos
ORD-2024-00106,Nando's JLT,125,AED,2024-09-25,web
ORD-2024-00107,Home Centre,188.49,USD,2024-09-21,link
ORD-2024-00108,Al Maya Group,81,AED,2024-09-06,app
ORD-2024-00109,Spinneys Motor City,6017.99,SAR,2024-09-01,pos
ORD-2024-00110,Zara Home Dubai,76.25,SAR,2024-09-17,link
ORD-2024-00111,Al Futtaim Trading,2047.49,AED,2024-09-04,pos
ORD-2024-00112,Café Bateel,4354.99,AED,2024-09-22,web
ORD-2024-00113,Café Bateel,138.75,AED,2024-09-10,pos
ORD-2024-00114,Al Futtaim Trading,2247.1,AED,2024-09-21,link
ORD-2024-00115,Al Futtaim Trading,6560.75,AED,2024-09-26,link
ORD-2024-00116,Jumbo Electronics,1503.1,AED,2024-09-06,app
ORD-2024-00117,Zara Home Dubai,112,SAR,2024-09-20,pos
ORD-2024-00118,Lulu Hypermarket,414.99,AED,2024-09-05,pos
ORD-2024-00119,Müller & Co,75.75,AED,2024-09-05,web
ORD-2024-00120,Lulu Hypermarket,99.5,AED,2024-09-04,pos
ORD-2024-00121,Nando's JLT,13293.25,AED,2024-09-21,pos
ORD-2024-00122,Home Centre,349.05,USD,2024-09-02,link
ORD-2024-00123,Carrefour Marina,139.49,SAR,2024-09-08,pos
ORD-2024-00124,Lulu Hypermarket,78.95,AED,2024-09-08,web
ORD-2024-00125,Müller & Co,849,AED,2024-09-08,link
ORD-2024-00126,Lulu Hypermarket,308,AED,2024-09-21,link
ORD-2024-00127,Home Centre,67.05,AED,2024-09-06,web
ORD-2024-00128,Sharaf DG,2158.1,AED,2024-09-01,web
ORD-2024-00129,Zara Home Dubai,75.25,SAR,2024-09-25,web
ORD-2024-00130,Jumbo Electronics,2308,AED,2024-09-26,app
ORD-2024-00131,Kibsons,9.25,AED,2024-09-22,web
ORD-2024-00132,Lulu Hypermarket,1657.75,AED,2024-09-18,app
ORD-2024-00133,Sharaf DG,710.1,SAR,2024-09-20,link
ORD-2024-00134,Home Centre,12,AED,2024-09-04,link
ORD-2024-00135,Kibsons,4054,AED,2024-09-13,app
ORD-2024-00136,Jumbo Electronics,159.5,AED,2024-09-02,web
ORD-2024-00137,Café Bateel,9307,EUR,2024-09-15,link
ORD-2024-00138,Lulu Hypermarket,89.1,USD,2024-09-27,app
ORD-2024-00139,Émile Boutique,9965,AED,2024-09-01,pos
ORD-2024-00140,Noon Retail,84.25,SAR,2024-09-25,pos
ORD-2024-00141,Émile Boutique,759.75,AED,2024-09-19,link
ORD-2024-00142,Spinneys Motor City,14386,USD,2024-09-26,pos
ORD-2024-00143,Al Maya Group,149.75,USD,2024-09-05,app
ORD-2024-00144,Al Maya Group,802.25,AED,2024-09-20,link
ORD-2024-00145,Émile Boutique,6931.05,AED,2024-09-13,web
ORD-2024-00146,Spinneys Motor City,11979.75,AED,2024-09-16,link
ORD-2024-00147,Noon Retail,1954,USD,2024-09-23,web
ORD-2024-00148,Al Futtaim Trading,4114.1,AED,2024-09-13,app
ORD-2024-00149,Lulu Hypermarket,8568.5,AED,2024-09-07,pos
ORD-2024-00150,Émile Boutique,104.95,SAR,2024-09-23,pos
ORD-2024-00151,Café Bateel,55.99,AED,2024-09-07,app
ORD-2024-00152,Müller & Co,104.75,EUR,2024-09-04,web
ORD-2024-00153,Café Bateel,976.1,AED,2024-09-15,web
ORD-2024-00154,Carrefour Marina,96.75,AED,2024-09-23,pos
ORD-2024-00155,Al Maya Group,123,USD,2024-09-07,app
ORD-2024-00156,Müller & Co,70,SAR,2024-09-29,web
ORD-2024-00157,Noon Retail,157.05,AED,2024-09-08,app
ORD-2024-00158,Zara Home Dubai,1802.49,AED,2024-09-21,web
ORD-2024-00159,Spinneys Motor City,14664.05,AED,2024-09-17,app
ORD-2024-00160,Home Centre,10978.75,AED,2024-09-14,app
ORD-2024-00161,Lulu Hypermarket,178.99,AED,2024-09-19,link
ORD-2024-00162,Noon Retail,1022.95,SAR,2024-09-30,app
ORD-2024-00163,Zara Home Dubai,122.1,AED,2024-09-14,pos
ORD-2024-00164,Lulu Hypermarket,1507.99,AED,2024-09-30,link
ORD-2024-00165,Jumbo Electronics,536.1,AED,2024-09-12,link
ORD-2024-00166,Spinneys Motor City,1594,SAR,2024-09-03,app
ORD-2024-00167,Émile Boutique,7723.75,AED,2024-09-07,web
ORD-2024-00168,Spinneys Motor City,1630.95,AED,2024-09-18,app
ORD-2024-00169,Lulu Hypermarket,1320.99,USD,2024-09-02,web
ORD-2024-00170,Müller & Co,172.99,AED,2024-09-29,pos
ORD-2024-00171,Spinneys Motor City,13779.05,USD,2024-09-30,link
ORD-2024-00172,Müller & Co,150.95,AED,2024-09-12,app
ORD-2024-00173,Café Bateel,10480.05,AED,2024-09-30,link
ORD-2024-00174,Émile Boutique,1663.99,AED,2024-09-01,app
ORD-2024-00175,Home Centre,9794.25,AED,2024-09-09,app
ORD-2024-00176,Müller & Co,13942.99,AED,2024-09-14,app
ORD-2024-00177,Nando's JLT,6557.49,AED,2024-09-23,web
ORD-2024-00178,Jumbo Electronics,12910,AED,2024-09-21,pos
ORD-2024-00179,Al Maya Group,5814.49,USD,2024-09-12,web
ORD-2024-00180,Home Centre,16.95,AED,2024-09-23,web
ORD-2024-00181,Émile Boutique,12768.5,USD,2024-09-01,web
ORD-2024-00182,Émile Boutique,116.75,AED,2024-09-27,web
ORD-2024-00183,Carrefour Marina,695.75,AED,2024-09-27,web
ORD-2024-00184,Nando's JLT,5768.25,AED,2024-09-12,pos
ORD-2024-00185,Émile Boutique,195,AED,2024-09-03,app
ORD-2024-00186,Jumbo Electronics,7470.75,AED,2024-09-02,link
ORD-2024-00187,Al Futtaim Trading,822.99,AED,2024-09-29,app
ORD-2024-00188,Sharaf DG,48.95,AED,2024-09-24,web
ORD-2024-00189,Home Centre,122.5,AED,2024-09-11,pos
ORD-2024-00190,Spinneys Motor City,7336.25,AED,2024-09-16,app
ORD-2024-00191,Zara Home Dubai,9207,AED,2024-09-27,app
ORD-2024-00192,Jumbo Electronics,12672,AED,2024-09-20,app
ORD-2024-00193,Carrefour Marina,36.95,AED,2024-09-16,app
ORD-2024-00194,Carrefour Marina,4033.05,AED,2024-09-15,web
ORD-2024-00195,Al Maya Group,14699.95,AED,2024-09-29,app
ORD-2024-00196,Café Bateel,1420.5,EUR,2024-09-07,link
ORD-2024-00197,Müller & Co,32,AED,2024-09-13,web
ORD-2024-00198,Kibsons,134,AED,2024-09-19,pos
ORD-2024-00199,Café Bateel,2664.05,AED,2024-09-08,link
ORD-2024-00200,Zara Home Dubai,87.5,AED,2024-09-05,web
ORD-2024-00201,Lulu Hypermarket,13725.25,USD,2024-09-27,app
ORD-2024-00202,Jumbo Electronics,4139.1,AED,2024-09-08,web
ORD-2024-00203,Home Centre,11726.99,USD,2024-09-24,link
ORD-2024-00204,Müller & Co,7015.95,SAR,2024-09-04,web
ORD-2024-00205,Müller & Co,5728.49,AED,2024-09-08,app
ORD-2024-00206,Home Centre,1651.49,AED,2024-09-07,web
ORD-2024-00207,Zara Home Dubai,2281.99,AED,2024-09-08,app
ORD-2024-00208,Carrefour Marina,1892,AED,2024-09-01,link
ORD-2024-00209,Noon Retail,21.75,AED,2024-09-10,pos
ORD-2024-00210,Al Maya Group,140,AED,2024-09-07,web
ORD-2024-00211,Zara Home Dubai,674.05,AED,2024-09-24,app
ORD-2024-00212,Sharaf DG,2083,AED,2024-09-02,web
ORD-2024-00213,Carrefour Marina,6211.99,USD,2024-09-27,pos
ORD-2024-00214,Émile Boutique,72,EUR,2024-09-06,link
ORD-2024-00215,Müller & Co,4125.25,AED,2024-09-17,pos
ORD-2024-00216,Lulu Hypermarket,36,AED,2024-09-21,app
ORD-2024-00217,Café Bateel,8119.75,SAR,2024-09-14,link
ORD-2024-00218,Spinneys Motor City,13720,AED,2024-09-13,pos
ORD-2024-00219,Kibsons,119.25,USD,2024-09-21,web
ORD-2024-00220,Spinneys Motor City,521,AED,2024-09-08,web
ORD-2024-00221,Müller & Co,14098.5,AED,2024-09-19,web
ORD-2024-00222,Café Bateel,425.75,AED,2024-09-14,link
ORD-2024-00223,Al Maya Group,4979.75,AED,2024-09-25,link
ORD-2024-00224,Spinneys Motor City,8.95,EUR,2024-09-06,web
ORD-2024-00225,Lulu Hypermarket,7378,AED,2024-09-30,app
ORD-2024-00226,Émile Boutique,7701.05,AED,2024-09-26,pos
ORD-2024-00227,Jumbo Electronics,10554.05,SAR,2024-09-21,web
ORD-2024-00228,Café Bateel,190.49,USD,2024-09-07,link
ORD-2024-00229,Sharaf DG,857.05,AED,2024-09-25,web
ORD-2024-00230,Home Centre,113.5,AED,2024-09-10,web
ORD-2024-00231,Al Maya Group,6272.75,AED,2024-09-08,web
ORD-2024-00232,Lulu Hypermarket,1302.99,AED,2024-09-08,app
ORD-2024-00233,Sharaf DG,5,USD,2024-09-05,app
ORD-2024-00234,Al Maya Group,130,AED,2024-09-02,link
ORD-2024-00235,Home Centre,11009.95,AED,2024-09-11,pos
ORD-2024-00236,Kibsons,2263.1,AED,2024-09-13,web
ORD-2024-00237,Café Bateel,14428.99,USD,2024-09-02,link
ORD-2024-00238,Nando's JLT,20.1,AED,2024-09-05,app
ORD-2024-00239,Home Centre,3068.05,AED,2024-09-20,pos
ORD-2024-00240,Zara Home Dubai,1398,AED,2024-09-10,link
ORD-2024-00241,Zara Home Dubai,8528.25,AED,2024-09-27,link
ORD-2024-00242,Spinneys Motor City,11.99,AED,2024-09-28,web
ORD-2024-00243,Jumbo Electronics,478,AED,2024-09-10,web
ORD-2024-00244,Kibsons,11453,AED,2024-09-11,pos
ORD-2024-00245,Zara Home Dubai,100.99,EUR,2024-09-15,app
ORD-2024-00246,Jumbo Electronics,2821.95,AED,2024-09-25,app
ORD-2024-00247,Al Futtaim Trading,11711.49,AED,2024-09-30,link
ORD-2024-00248,Al Futtaim Trading,2622.05,AED,2024-09-04,pos
ORD-2024-00249,Noon Retail,110.99,USD,2024-09-03,link
ORD-2024-00250,Café Bateel,71.1,AED,2024-09-26,web
ORD-2024-00251,Zara Home Dubai,115.25,AED,2024-09-13,link
ORD-2024-00252,Café Bateel,28.49,USD,2024-09-11,app
ORD-2024-00253,Zara Home Dubai,2085,SAR,2024-09-04,web
ORD-2024-00254,Jumbo Electronics,118.95,SAR,2024-09-10,web
ORD-2024-00255,Al Futtaim Trading,1313.75,SAR,2024-09-08,app
ORD-2024-00256,Zara Home Dubai,8238.75,SAR,2024-09-15,app
ORD-2024-00257,Jumbo Electronics,101.75,AED,2024-09-23,app
ORD-2024-00258,Jumbo Electronics,65.99,AED,2024-09-21,app
ORD-2024-00259,Müller & Co,1501,AED,2024-09-26,pos
ORD-2024-00260,Café Bateel,6909.5,AED,2024-09-24,app
ORD-2024-00261,Zara Home Dubai,14584.05,AED,2024-09-16,link
ORD-2024-00262,Lulu Hypermarket,786.75,SAR,2024-09-14,link
ORD-2024-00263,Jumbo Electronics,19.95,AED,2024-09-13,web
ORD-2024-00264,Jumbo Electronics,99.75,AED,2024-09-16,link
ORD-2024-00265,Kibsons,2317,SAR,2024-09-05,pos
ORD-2024-00266,Al Maya Group,24.95,AED,2024-09-04,pos
ORD-2024-00267,Spinneys Motor City,1500,AED,2024-09-19,link
ORD-2024-00268,Home Centre,1898.49,USD,2024-09-01,app
ORD-2024-00269,Kibsons,36,AED,2024-09-02,app
ORD-2024-00270,Home Centre,1658.75,AED,2024-09-17,web
ORD-2024-00271,Lulu Hypermarket,12081.49,USD,2024-09-14,web
ORD-2024-00272,Zara Home Dubai,6193.05,AED,2024-09-25,link
ORD-2024-00273,Kibsons,2373,USD,2024-09-12,pos
ORD-2024-00274,Müller & Co,8817.75,SAR,2024-09-11,web
ORD-2024-00275,Al Futtaim Trading,1709,AED,2024-09-06,web
ORD-2024-00276,Zara Home Dubai,68,AED,2024-09-15,web
ORD-2024-00277,Zara Home Dubai,1806.95,AED,2024-09-02,link
ORD-2024-00278,Kibsons,13489,AED,2024-09-06,web
ORD-2024-00279,Carrefour Marina,6362,USD,2024-09-29,app
ORD-2024-00280,Noon Retail,7.99,AED,2024-09-21,pos
ORD-2024-00281,Jumbo Electronics,193.49,AED,2024-09-09,link
ORD-2024-00282,Müller & Co,15.75,AED,2024-09-12,link
ORD-2024-00283,Al Futtaim Trading,9414.49,AED,2024-09-28,app
ORD-2024-00284,Émile Boutique,101,SAR,2024-09-12,web
ORD-2024-00285,Carrefour Marina,2441,SAR,2024-09-01,pos
ORD-2024-00286,Jumbo Electronics,77.75,SAR,2024-09-01,pos
ORD-2024-00287,Nando's JLT,7478.75,AED,2024-09-27,web
ORD-2024-00288,Émile Boutique,7193.99,AED,2024-09-24,web
ORD-2024-00289,Carrefour Marina,1972,AED,2024-09-06,pos
ORD-2024-00290,Home Centre,1675,AED,2024-09-27,app
ORD-2024-00291,Kibsons,3251.95,AED,2024-09-10,web
ORD-2024-00292,Émile Boutique,8475.99,AED,2024-09-26,web
ORD-2024-00293,Émile Boutique,985.49,AED,2024-09-25,link
ORD-2024-00294,Nando's JLT,13119,USD,2024-09-28,pos
ORD-2024-00295,Al Futtaim Trading,70,AED,2024-09-21,web
ORD-2024-00296,Zara Home Dubai,10093,AED,2024-09-28,app
ORD-2024-00297,Al Futtaim Trading,328.75,USD,2024-09-18,link
ORD-2024-00298,Carrefour Marina,52,AED,2024-09-28,pos
ORD-2024-00299,Home Centre,6.25,AED,2024-09-26,web
ORD-2024-00300,Jumbo Electronics,1933.95,EUR,2024-09-09,web
ORD-2024-00301,Nando's JLT,6389,AED,2024-09-28,link
ORD-2024-00302,Zara Home Dubai,7923.99,AED,2024-09-23,link
ORD-2024-00303,Lulu Hypermarket,12904.5,AED,2024-09-12,pos
ORD-2024-00304,Al Maya Group,156,AED,2024-09-02,pos
ORD-2024-00305,Nando's JLT,698.25,USD,2024-09-07,link
ORD-2024-00306,Home Centre,180.75,USD,2024-09-15,app
ORD-2024-00307,Jumbo Electronics,22,USD,2024-09-03,link
ORD-2024-00308,Café Bateel,2441.99,AED,2024-09-17,link
ORD-2024-00309,Sharaf DG,2111.95,AED,2024-09-18,pos
ORD-2024-00310,Lulu Hypermarket,2000.49,AED,2024-09-14,link
ORD-2024-00311,Kibsons,984.5,AED,2024-09-12,web
ORD-2024-00312,Noon Retail,11232.99,SAR,2024-09-12,pos
ORD-2024-00313,Müller & Co,6767.75,SAR,2024-09-28,web
ORD-2024-00314,Sharaf DG,5914.5,USD,2024-09-02,app
ORD-2024-00315,Al Futtaim Trading,14763.75,AED,2024-09-08,pos
ORD-2024-00316,Spinneys Motor City,87.25,SAR,2024-09-30,link
ORD-2024-00317,Noon Retail,1148.05,SAR,2024-09-10,link
ORD-2024-00318,Lulu Hypermarket,6306.75,SAR,2024-09-17,link
ORD-2024-00319,Zara Home Dubai,112.49,AED,2024-09-05,app
ORD-2024-00320,Spinneys Motor City,1518.75,AED,2024-09-30,link
ORD-2024-00321,Al Maya Group,3457.49,SAR,2024-09-25,web
ORD-2024-00322,Café Bateel,1881.1,AED,2024-09-17,web
ORD-2024-00323,Al Futtaim Trading,187.49,AED,2024-09-17,link
ORD-2024-00324,Café Bateel,155,AED,2024-09-01,pos
ORD-2024-00325,Nando's JLT,485.1,EUR,2024-09-22,pos
ORD-2024-00326,Home Centre,8.49,SAR,2024-09-21,pos
ORD-2024-00327,Kibsons,509.49,AED,2024-09-12,link
ORD-2024-00328,Émile Boutique,1756,AED,2024-09-24,pos
ORD-2024-00329,Müller & Co,1337.75,AED,2024-09-23,web
ORD-2024-00330,Jumbo Electronics,17,EUR,2024-09-16,app
ORD-2024-00331,Jumbo Electronics,65.05,USD,2024-09-13,web
ORD-2024-00332,Nando's JLT,1174.75,AED,2024-09-10,web
ORD-2024-00333,Émile Boutique,136.95,USD,2024-09-15,pos
ORD-2024-00334,Zara Home Dubai,6090.75,SAR,2024-09-16,pos
ORD-2024-00335,Kibsons,108.1,USD,2024-09-26,web
ORD-2024-00336,Al Maya Group,483.99,AED,2024-09-10,app
ORD-2024-00337,Spinneys Motor City,8935.99,AED,2024-09-22,web
ORD-2024-00338,Carrefour Marina,2415.49,USD,2024-09-12,app
ORD-2024-00339,Lulu Hypermarket,9554.05,SAR,2024-09-07,pos
ORD-2024-00340,Al Maya Group,170.5,AED,2024-09-06,link
ORD-2024-00341,Zara Home Dubai,655.5,EUR,2024-09-28,web
ORD-2024-00342,Jumbo Electronics,172.75,AED,2024-09-14,app
ORD-2024-00343,Lulu Hypermarket,2237.25,AED,2024-09-30,app
ORD-2024-00344,Home Centre,7713.05,AED,2024-09-06,link
ORD-2024-00345,Jumbo Electronics,10901.1,AED,2024-09-03,link
ORD-2024-00346,Sharaf DG,3989.5,AED,2024-09-27,link
ORD-2024-00347,Nando's JLT,1923,AED,2024-09-13,web
ORD-2024-00348,Lulu Hypermarket,94.05,AED,2024-09-15,link
ORD-2024-00349,Nando's JLT,5391.1,AED,2024-09-27,app
ORD-2024-00350,Al Maya Group,325,AED,2024-09-15,app
ORD-2024-00351,Zara Home Dubai,23.99,USD,2024-09-18,link
ORD-2024-00352,Al Futtaim Trading,155.99,AED,2024-09-14,link
ORD-2024-00353,Lulu Hypermarket,978,AED,2024-09-16,link
ORD-2024-00354,Al Maya Group,81.75,AED,2024-09-29,pos
ORD-2024-00355,Spinneys Motor City,10936.49,USD,2024-09-24,pos
ORD-2024-00356,Sharaf DG,179.05,AED,2024-09-16,link
ORD-2024-00357,Zara Home Dubai,5157.05,AED,2024-09-15,link
ORD-2024-00358,Al Futtaim Trading,3385.49,AED,2024-09-07,pos
ORD-2024-00359,Jumbo Electronics,14549,USD,2024-09-04,pos
ORD-2024-00360,Café Bateel,11771.95,AED,2024-09-10,link
ORD-2024-00361,Al Futtaim Trading,38.5,AED,2024-09-17,pos
ORD-2024-00362,Nando's JLT,2317.99,USD,2024-09-29,link
ORD-2024-00363,Nando's JLT,144.99,SAR,2024-09-24,pos
ORD-2024-00364,Spinneys Motor City,9616.75,AED,2024-09-25,app
ORD-2024-00365,Home Centre,12251,AED,2024-09-03,pos
ORD-2024-00366,Sharaf DG,23.25,AED,2024-09-20,link
ORD-2024-00367,Home Centre,1340,AED,2024-09-20,web
ORD-2024-00368,Spinneys Motor City,457,AED,2024-09-25,app
ORD-2024-00369,Nando's JLT,1559.1,AED,2024-09-14,link
ORD-2024-00370,Kibsons,229.49,AED,2024-09-21,link
ORD-2024-00371,Al Futtaim Trading,7608,AED,2024-09-30,web
ORD-2024-00372,Carrefour Marina,12248.95,AED,2024-09-04,app
ORD-2024-00373,Café Bateel,13430.99,AED,2024-09-16,app
ORD-2024-00374,Nando's JLT,112.75,AED,2024-09-06,pos
ORD-2024-00375,Kibsons,893.05,AED,2024-09-12,app
ORD-2024-00376,Café Bateel,2246.49,AED,2024-09-14,pos
ORD-2024-00377,Jumbo Electronics,8169,AED,2024-09-14,app
ORD-2024-00378,Home Centre,14851.49,AED,2024-09-19,link
ORD-2024-00379,Müller & Co,6562.5,USD,2024-09-25,link
ORD-2024-00380,Kibsons,331.75,AED,2024-09-06,pos
ORD-2024-00381,Carrefour Marina,1637.1,USD,2024-09-04,web
ORD-2024-00382,Café Bateel,174,AED,2024-09-25,pos
ORD-2024-00383,Émile Boutique,105.05,AED,2024-09-07,web
ORD-2024-00384,Spinneys Motor City,66.5,AED,2024-09-12,web
ORD-2024-00385,Lulu Hypermarket,8178.05,AED,2024-09-21,web
ORD-2024-00386,Lulu Hypermarket,2411,AED,2024-09-28,link
ORD-2024-00387,Kibsons,7029.75,AED,2024-09-28,app
ORD-2024-00388,Zara Home Dubai,12689.1,SAR,2024-09-21,pos
ORD-2024-00389,Lulu Hypermarket,5107.1,AED,2024-09-06,pos
ORD-2024-00390,Café Bateel,1331.99,EUR,2024-09-05,web
ORD-2024-00391,Jumbo Electronics,141.05,USD,2024-09-19,link
ORD-2024-00392,Zara Home Dubai,5.99,AED,2024-09-12,link
ORD-2024-00393,Jumbo Electronics,142,AED,2024-09-03,link
ORD-2024-00394,Noon Retail,1117.05,EUR,2024-09-07,link
ORD-2024-00395,Home Centre,139.49,SAR,2024-09-05,app
ORD-2024-00396,Kibsons,1419.1,EUR,2024-09-27,web
ORD-2024-00397,Nando's JLT,17.99,USD,2024-09-27,web
ORD-2024-00398,Zara Home Dubai,182.75,AED,2024-09-12,app
ORD-2024-00399,Al Maya Group,4481.5,AED,2024-09-06,link
ORD-2024-00400,Lulu Hypermarket,137.99,EUR,2024-09-25,pos
ORD-2024-00401,Al Futtaim Trading,22.5,AED,2024-09-10,app
ORD-2024-00402,Émile Boutique,669,USD,2024-09-13,link
ORD-2024-00403,Sharaf DG,2473,AED,2024-09-07,web
ORD-2024-00404,Zara Home Dubai,12272.49,SAR,2024-09-06,pos
ORD-2024-00405,Sharaf DG,7066,SAR,2024-09-30,pos
ORD-2024-00406,Spinneys Motor City,13369,USD,2024-09-14,web
ORD-2024-00407,Sharaf DG,191.05,AED,2024-09-05,app
ORD-2024-00408,Lulu Hypermarket,447.05,AED,2024-09-15,link
ORD-2024-00409,Carrefour Marina,10231,AED,2024-09-06,link
ORD-2024-00410,Nando's JLT,3851.99,USD,2024-09-06,web
ORD-2024-00411,Sharaf DG,2061.05,AED,2024-09-02,app
ORD-2024-00412,Sharaf DG,1160.5,USD,2024-09-23,pos
ORD-2024-00413,Zara Home Dubai,1025.49,AED,2024-09-17,web
ORD-2024-00414,Kibsons,935.95,AED,2024-09-28,pos
ORD-2024-00415,Carrefour Marina,2463.99,AED,2024-09-16,app
ORD-2024-00416,Al Futtaim Trading,2993.5,USD,2024-09-27,link
ORD-2024-00417,Carrefour Marina,14125,AED,2024-09-08,app
ORD-2024-00418,Home Centre,2408.99,AED,2024-09-12,pos
ORD-2024-00419,Müller & Co,196,AED,2024-09-08,pos
ORD-2024-00420,Carrefour Marina,142.99,AED,2024-09-02,web
ORD-2024-00421,Lulu Hypermarket,8330.05,AED,2024-09-07,pos
ORD-2024-00422,Café Bateel,13868,AED,2024-09-20,link
ORD-2024-00423,Al Maya Group,8069.95,USD,2024-09-12,pos
ORD-2024-00424,Sharaf DG,10629.99,USD,2024-09-15,app
ORD-2024-00425,Café Bateel,1014.05,AED,2024-09-07,link
ORD-2024-00426,Home Centre,8104,AED,2024-09-09,pos
ORD-2024-00427,Müller & Co,71.99,AED,2024-09-08,web
ORD-2024-00428,Kibsons,68.75,AED,2024-09-17,web
ORD-2024-00429,Jumbo Electronics,226,AED,2024-09-18,web
ORD-2024-00430,Nando's JLT,10242,AED,2024-09-22,app
ORD-2024-00431,Émile Boutique,13694.05,AED,2024-09-15,web
ORD-2024-00432,Sharaf DG,1361.05,SAR,2024-09-09,app
ORD-2024-00433,Noon Retail,5918.95,AED,2024-09-17,web
ORD-2024-00434,Müller & Co,35.05,AED,2024-09-09,app
ORD-2024-00435,Café Bateel,8376.75,AED,2024-09-24,app
ORD-2024-00436,Zara Home Dubai,1394,AED,2024-09-07,pos
ORD-2024-00437,Noon Retail,715,AED,2024-09-15,pos
ORD-2024-00438,Zara Home Dubai,2826.75,SAR,2024-09-12,pos
ORD-2024-00439,Lulu Hypermarket,2149.5,AED,2024-09-30,app
ORD-2024-00440,Al Futtaim Trading,130,AED,2024-09-03,app
ORD-2024-00441,Nando's JLT,5090,AED,2024-09-02,web
ORD-2024-00442,Lulu Hypermarket,2262.25,AED,2024-09-26,pos
ORD-2024-00443,Al Maya Group,8632.95,AED,2024-09-22,pos
ORD-2024-00444,Müller & Co,93,AED,2024-09-08,web
ORD-2024-00445,Sharaf DG,28.1,AED,2024-09-04,web
ORD-2024-00446,Zara Home Dubai,34.1,AED,2024-09-08,app
ORD-2024-00447,Spinneys Motor City,526,AED,2024-09-22,app
ORD-2024-00448,Noon Retail,11795.05,AED,2024-09-27,link
ORD-2024-00449,Kibsons,510.75,AED,2024-09-29,app
ORD-2024-00450,Müller & Co,1166.5,AED,2024-09-04,link
ORD-2024-00451,Émile Boutique,139,USD,2024-09-24,pos
ORD-2024-00452,Al Futtaim Trading,14760.49,AED,2024-09-11,app
ORD-2024-00453,Zara Home Dubai,115,AED,2024-09-01,web
ORD-2024-00454,Lulu Hypermarket,116.95,AED,2024-09-14,link
ORD-2024-00455,Home Centre,1849.99,AED,2024-09-20,app
ORD-2024-00456,Home Centre,2284.05,AED,2024-09-14,web
ORD-2024-00457,Nando's JLT,191.99,AED,2024-09-30,web
ORD-2024-00458,Home Centre,256.49,USD,2024-09-19,web
ORD-2024-00459,Al Maya Group,1035.1,AED,2024-09-06,web
ORD-2024-00460,Zara Home Dubai,172.75,AED,2024-09-15,link
ORD-2024-00461,Noon Retail,8958.25,SAR,2024-09-30,web
ORD-2024-00462,Carrefour Marina,193.75,AED,2024-09-20,link
ORD-2024-00463,Jumbo Electronics,1316,USD,2024-09-01,web
ORD-2024-00464,Spinneys Motor City,1509.05,AED,2024-09-23,link
ORD-2024-00465,Spinneys Motor City,1040.1,USD,2024-09-15,link
ORD-2024-00466,Noon Retail,25,SAR,2024-09-09,pos
ORD-2024-00467,Émile Boutique,2352.99,AED,2024-09-24,app
ORD-2024-00468,Noon Retail,1895.49,AED,2024-09-12,app
ORD-2024-00469,Émile Boutique,1440,AED,2024-09-15,app
ORD-2024-00470,Carrefour Marina,6919.25,AED,2024-09-18,web
ORD-2024-00471,Sharaf DG,5205.5,SAR,2024-09-27,pos
ORD-2024-00472,Müller & Co,694.75,AED,2024-09-13,pos
ORD-2024-00473,Jumbo Electronics,70.99,USD,2024-09-15,pos
ORD-2024-00474,Carrefour Marina,8758.25,AED,2024-09-08,pos
ORD-2024-00475,Kibsons,135,AED,2024-09-21,app
ORD-2024-00476,Carrefour Marina,1691,AED,2024-09-29,link
ORD-2024-00477,Carrefour Marina,4008,AED,2024-09-09,pos
ORD-2024-00478,Kibsons,62,AED,2024-09-13,app
ORD-2024-00479,Carrefour Marina,5325.25,EUR,2024-09-25,pos
ORD-2024-00480,Carrefour Marina,98.95,AED,2024-09-14,pos
ORD-2024-00481,Noon Retail,14,AED,2024-09-30,app
ORD-2024-00482,Jumbo Electronics,23.25,AED,2024-09-24,pos
ORD-2024-00483,Kibsons,1711,AED,2024-09-28,link
ORD-2024-00484,Nando's JLT,943,AED,2024-09-29,link
ORD-2024-00485,Spinneys Motor City,2181.1,USD,2024-09-02,link
ORD-2024-00486,Noon Retail,3862.5,SAR,2024-09-24,link
ORD-2024-00487,Spinneys Motor City,814.95,AED,2024-09-06,link
ORD-2024-00488,Émile Boutique,2054.95,AED,2024-09-24,pos
ORD-2024-00489,Nando's JLT,89.1,AED,2024-09-09,link
ORD-2024-00490,Jumbo Electronics,155.95,AED,2024-09-04,pos
ORD-2024-00491,Lulu Hypermarket,61.1,SAR,2024-09-09,link
ORD-2024-00492,Al Futtaim Trading,61.99,AED,2024-09-26,app
ORD-2024-00493,Müller & Co,2285,AED,2024-09-15,pos
ORD-2024-00494,Sharaf DG,6195,EUR,2024-09-10,web
ORD-2024-00495,Jumbo Electronics,61.75,AED,2024-09-06,pos
ORD-2024-00496,Home Centre,10460,AED,2024-09-08,link
ORD-2024-00497,Al Maya Group,14243.75,AED,2024-09-10,app
ORD-2024-00498,Carrefour Marina,161.1,AED,2024-09-18,pos
ORD-2024-00499,Müller & Co,28.05,AED,2024-09-04,link
ORD-2024-00500,Nando's JLT,1467,AED,2024-09-29,web
ORD-2024-00501,Sharaf DG,349.49,AED,2024-09-15,pos
ORD-2024-00502,Nando's JLT,1483.99,AED,2024-09-29,pos
ORD-2024-00503,Noon Retail,3653,USD,2024-09-17,web
ORD-2024-00504,Zara Home Dubai,2383.99,AED,2024-09-13,link
ORD-2024-00505,Al Futtaim Trading,897.25,AED,2024-09-05,pos
ORD-2024-00506,Home Centre,30.5,AED,2024-09-24,app
ORD-2024-00507,Home Centre,12388.49,SAR,2024-09-15,pos
ORD-2024-00508,Kibsons,29,USD,2024-09-06,app
ORD-2024-00509,Carrefour Marina,127,AED,2024-09-11,app
ORD-2024-00510,Jumbo Electronics,1743.1,AED,2024-09-01,pos
ORD-2024-00511,Nando's JLT,12231.99,AED,2024-09-07,web
ORD-2024-00512,Spinneys Motor City,892.25,AED,2024-09-20,link
ORD-2024-00513,Sharaf DG,2003.95,AED,2024-09-15,web
ORD-2024-00514,Home Centre,4591.99,USD,2024-09-20,web
ORD-2024-00515,Al Futtaim Trading,66.05,AED,2024-09-21,app
ORD-2024-00516,Café Bateel,447.99,AED,2024-09-18,app
ORD-2024-00517,Zara Home Dubai,9189.95,AED,2024-09-14,web
ORD-2024-00518,Sharaf DG,10361.95,AED,2024-09-07,link
ORD-2024-00519,Carrefour Marina,192.25,USD,2024-09-12,web
ORD-2024-00520,Café Bateel,2312.05,USD,2024-09-10,app
ORD-2024-00521,Al Maya Group,1818.05,AED,2024-09-22,web
ORD-2024-00522,Lulu Hypermarket,1181.75,AED,2024-09-11,app
ORD-2024-00523,Nando's JLT,13.5,AED,2024-09-21,link
ORD-2024-00524,Kibsons,2308,AED,2024-09-19,app
ORD-2024-00525,Café Bateel,8807,AED,2024-09-03,web
ORD-2024-00526,Spinneys Motor City,5436.49,USD,2024-09-23,link
ORD-2024-00527,Müller & Co,9238.99,AED,2024-09-27,app
ORD-2024-00528,Müller & Co,2411,AED,2024-09-08,pos
ORD-2024-00529,Carrefour Marina,1844,USD,2024-09-21,link
ORD-2024-00530,Lulu Hypermarket,647,AED,2024-09-29,app
ORD-2024-00531,Lulu Hypermarket,13095,AED,2024-09-24,web
ORD-2024-00532,Carrefour Marina,139,AED,2024-09-23,web
ORD-2024-00533,Lulu Hypermarket,193.5,AED,2024-09-28,app
ORD-2024-00534,Noon Retail,2244.1,AED,2024-09-14,pos
ORD-2024-00535,Spinneys Motor City,151,AED,2024-09-26,pos
ORD-2024-00536,Home Centre,11815,AED,2024-09-11,pos
ORD-2024-00537,Noon Retail,2052.5,AED,2024-09-21,link
ORD-2024-00538,Noon Retail,2217,AED,2024-09-11,link
ORD-2024-00539,Café Bateel,5408.1,AED,2024-09-17,link
ORD-2024-00540,Jumbo Electronics,156,USD,2024-09-20,link
ORD-2024-00541,Zara Home Dubai,7502,AED,2024-09-13,link
ORD-2024-00542,Lulu Hypermarket,161.5,AED,2024-09-20,web
ORD-2024-00543,Café Bateel,12.95,USD,2024-09-08,web
ORD-2024-00544,Spinneys Motor City,4163,AED,2024-09-15,pos
ORD-2024-00545,Noon Retail,80,AED,2024-09-08,app
ORD-2024-00546,Kibsons,914,AED,2024-09-26,web
ORD-2024-00547,Kibsons,13393.25,AED,2024-09-25,pos
ORD-2024-00548,Café Bateel,1731.25,AED,2024-09-25,link
ORD-2024-00549,Carrefour Marina,4671.49,USD,2024-09-04,app
ORD-2024-00550,Müller & Co,13453.25,USD,2024-09-05,app
ORD-2024-00551,Noon Retail,5703.99,AED,2024-09-05,pos
ORD-2024-00552,Müller & Co,7556.95,AED,2024-09-10,pos
ORD-2024-00553,Zara Home Dubai,12060.1,AED,2024-09-21,web
ORD-2024-00554,Al Maya Group,160.75,USD,2024-09-29,app
ORD-2024-00555,Nando's JLT,7047,AED,2024-09-17,web
ORD-2024-00556,Home Centre,7393.25,AED,2024-09-28,app
ORD-2024-00557,Home Centre,1360.1,AED,2024-09-04,app
ORD-2024-00558,Jumbo Electronics,131,AED,2024-09-25,link
ORD-2024-00559,Home Centre,1509.49,USD,2024-09-22,web
ORD-2024-00560,Al Maya Group,5557,USD,2024-09-22,pos
ORD-2024-00561,Home Centre,96,USD,2024-09-12,app
ORD-2024-00562,Müller & Co,22.49,AED,2024-09-29,web
ORD-2024-00563,Sharaf DG,4108.75,AED,2024-09-19,link
ORD-2024-00564,Émile Boutique,1843.05,SAR,2024-09-27,pos
ORD-2024-00565,Lulu Hypermarket,11769.1,AED,2024-09-04,pos
ORD-2024-00566,Nando's JLT,9.75,EUR,2024-09-07,link
ORD-2024-00567,Kibsons,12359.1,AED,2024-09-01,web
ORD-2024-00568,Home Centre,795.75,AED,2024-09-24,app
ORD-2024-00569,Müller & Co,165.75,USD,2024-09-25,link
ORD-2024-00570,Home Centre,3545.05,SAR,2024-09-26,link
ORD-2024-00571,Zara Home Dubai,1609.95,SAR,2024-09-14,link
ORD-2024-00572,Kibsons,136.95,AED,2024-09-26,app
ORD-2024-00573,Zara Home Dubai,5153.25,AED,2024-09-09,pos
ORD-2024-00574,Café Bateel,11387.05,EUR,2024-09-15,link
ORD-2024-00575,Sharaf DG,150.75,AED,2024-09-14,web
ORD-2024-00576,Al Futtaim Trading,9271.5,EUR,2024-09-07,app
ORD-2024-00577,Noon Retail,5772.99,SAR,2024-09-11,app
ORD-2024-00578,Al Maya Group,8930.05,SAR,2024-09-12,link
ORD-2024-00579,Spinneys Motor City,3391.25,AED,2024-09-04,web
ORD-2024-00580,Nando's JLT,464.1,AED,2024-09-06,pos
ORD-2024-00581,Café Bateel,1252.95,AED,2024-09-09,app
ORD-2024-00582,Nando's JLT,109.49,USD,2024-09-16,pos
ORD-2024-00583,Spinneys Motor City,102,AED,2024-09-02,web
ORD-2024-00584,Carrefour Marina,6249,AED,2024-09-26,pos
ORD-2024-00585,Sharaf DG,10434.95,USD,2024-09-02,link
ORD-2024-00586,Jumbo Electronics,187.75,AED,2024-09-26,link
ORD-2024-00587,Zara Home Dubai,1858,AED,2024-09-02,web
ORD-2024-00588,Jumbo Electronics,70.25,AED,2024-09-23,link
ORD-2024-00589,Kibsons,841.05,AED,2024-09-14,pos
ORD-2024-00590,Noon Retail,378.1,USD,2024-09-27,link
ORD-2024-00591,Carrefour Marina,970.05,AED,2024-09-15,web
ORD-2024-00592,Nando's JLT,9162.95,AED,2024-09-07,web
ORD-2024-00593,Spinneys Motor City,8360,AED,2024-09-12,web
ORD-2024-00594,Sharaf DG,83.95,AED,2024-09-17,app
ORD-2024-00595,Carrefour Marina,12327.05,AED,2024-09-15,link
ORD-2024-00596,Nando's JLT,2044,USD,2024-09-05,pos
ORD-2024-00597,Al Maya Group,1335.99,AED,2024-09-18,pos
ORD-2024-00598,Al Maya Group,13341.49,USD,2024-09-05,link
ORD-2024-00599,Nando's JLT,146,AED,2024-09-10,web
ORD-2024-00600,Home Centre,14703.25,AED,2024-09-20,web
ORD-2024-00601,Spinneys Motor City,21.25,AED,2024-09-03,pos
ORD-2024-00602,Kibsons,1774.75,USD,2024-09-19,web
ORD-2024-00603,Nando's JLT,13641,AED,2024-09-15,pos
ORD-2024-00604,Müller & Co,44.25,AED,2024-09-08,link
ORD-2024-00605,Nando's JLT,893.99,AED,2024-09-25,link
ORD-2024-00606,Spinneys Motor City,1517,AED,2024-09-15,pos
ORD-2024-00607,Noon Retail,1697,USD,2024-09-04,link
ORD-2024-00608,Nando's JLT,1135,SAR,2024-09-22,app
ORD-2024-00609,Zara Home Dubai,1859.49,AED,2024-09-13,link
ORD-2024-00610,Noon Retail,12475.1,AED,2024-09-16,web
ORD-2024-00611,Nando's JLT,12322.49,AED,2024-09-10,app
ORD-2024-00612,Carrefour Marina,146,AED,2024-09-04,app
ORD-2024-00613,Sharaf DG,980,AED,2024-09-15,web
ORD-2024-00614,Sharaf DG,150,AED,2024-09-04,link
ORD-2024-00615,Spinneys Motor City,43.05,AED,2024-09-01,app
ORD-2024-00616,Noon Retail,703.5,AED,2024-09-07,app
ORD-2024-00617,Müller & Co,10607.75,AED,2024-09-17,pos
ORD-2024-00618,Émile Boutique,1426.1,AED,2024-09-15,app
ORD-2024-00619,Émile Boutique,25.95,AED,2024-09-03,app
ORD-2024-00620,Café Bateel,1358,AED,2024-09-08,link
ORD-2024-00621,Carrefour Marina,97,AED,2024-09-05,link
ORD-2024-00622,Kibsons,60.49,SAR,2024-09-05,link
ORD-2024-00623,Spinneys Motor City,50.5,AED,2024-09-10,link
ORD-2024-00624,Al Maya Group,2347.99,AED,2024-09-10,link
ORD-2024-00625,Home Centre,405.25,AED,2024-09-28,link
ORD-2024-00626,Al Maya Group,13934.25,AED,2024-09-18,web
ORD-2024-00627,Lulu Hypermarket,4432.99,AED,2024-09-08,link
ORD-2024-00628,Zara Home Dubai,563.05,USD,2024-09-22,app
ORD-2024-00629,Al Maya Group,133.99,EUR,2024-09-07,pos
ORD-2024-00630,Jumbo Electronics,9208,AED,2024-09-27,link
ORD-2024-00631,Kibsons,553.49,AED,2024-09-12,web
ORD-2024-00632,Émile Boutique,5126,USD,2024-09-09,web
ORD-2024-00633,Zara Home Dubai,1401.5,AED,2024-09-13,web
ORD-2024-00634,Café Bateel,836,AED,2024-09-21,web
ORD-2024-00635,Noon Retail,2153,AED,2024-09-13,app
ORD-2024-00636,Spinneys Motor City,5122.99,AED,2024-09-18,pos
ORD-2024-00637,Émile Boutique,327.05,SAR,2024-09-21,app
ORD-2024-00638,Lulu Hypermarket,52.1,AED,2024-09-05,link
ORD-2024-00639,Lulu Hypermarket,1399.49,EUR,2024-09-24,pos
ORD-2024-00640,Müller & Co,3465.75,AED,2024-09-29,pos
ORD-2024-00641,Home Centre,1008,AED,2024-09-08,web
ORD-2024-00642,Home Centre,2156.1,AED,2024-09-26,app
ORD-2024-00643,Müller & Co,1750,AED,2024-09-04,link
ORD-2024-00644,Kibsons,2115.25,AED,2024-09-12,app
ORD-2024-00645,Al Maya Group,14628.75,AED,2024-09-21,pos
ORD-2024-00646,Nando's JLT,1053.05,AED,2024-09-30,web
ORD-2024-00647,Kibsons,10555,AED,2024-09-12,pos
ORD-2024-00648,Café Bateel,2024.1,AED,2024-09-27,web
ORD-2024-00649,Kibsons,91.95,EUR,2024-09-11,pos
ORD-2024-00650,Noon Retail,570.99,AED,2024-09-19,link
ORD-2024-00651,Kibsons,613.25,AED,2024-09-22,web
ORD-2024-00652,Jumbo Electronics,47.99,AED,2024-09-23,app
ORD-2024-00653,Kibsons,2151,USD,2024-09-23,web
ORD-2024-00654,Jumbo Electronics,8860.05,AED,2024-09-03,link
ORD-2024-00655,Kibsons,299.99,AED,2024-09-02,web
ORD-2024-00656,Noon Retail,639,USD,2024-09-16,app
ORD-2024-00657,Spinneys Motor City,4955,AED,2024-09-25,pos
ORD-2024-00658,Zara Home Dubai,2251.95,AED,2024-09-15,link
ORD-2024-00659,Café Bateel,273.75,AED,2024-09-22,link
ORD-2024-00660,Carrefour Marina,138.05,EUR,2024-09-10,app
ORD-2024-00661,Al Futtaim Trading,135.25,AED,2024-09-16,app
ORD-2024-00662,Home Centre,4621.95,AED,2024-09-16,link
ORD-2024-00663,Spinneys Motor City,2945.49,AED,2024-09-04,pos
ORD-2024-00664,Zara Home Dubai,1448,USD,2024-09-07,pos
ORD-2024-00665,Café Bateel,53.1,AED,2024-09-13,link
ORD-2024-00666,Home Centre,14167.1,AED,2024-09-11,pos
ORD-2024-00667,Zara Home Dubai,1939,AED,2024-09-09,web
ORD-2024-00668,Spinneys Motor City,864.95,AED,2024-09-09,pos
ORD-2024-00669,Jumbo Electronics,4756,AED,2024-09-30,pos
ORD-2024-00670,Sharaf DG,2219.75,AED,2024-09-26,app
ORD-2024-00671,Noon Retail,7378.25,USD,2024-09-05,web
ORD-2024-00672,Émile Boutique,2426,AED,2024-09-06,web
ORD-2024-00673,Jumbo Electronics,2313.99,USD,2024-09-06,web
ORD-2024-00674,Jumbo Electronics,101.99,AED,2024-09-09,web
ORD-2024-00675,Jumbo Electronics,107.1,AED,2024-09-19,app
ORD-2024-00676,Jumbo Electronics,12294.05,AED,2024-09-28,web
ORD-2024-00677,Noon Retail,5736.99,AED,2024-09-01,pos
ORD-2024-00678,Müller & Co,10495.1,AED,2024-09-13,link
ORD-2024-00679,Carrefour Marina,1754.05,USD,2024-09-19,app
ORD-2024-00680,Nando's JLT,8118.5,AED,2024-09-26,pos
ORD-2024-00681,Spinneys Motor City,168.95,AED,2024-09-07,web
ORD-2024-00682,Al Maya Group,13025.25,SAR,2024-09-02,pos
ORD-2024-00683,Al Futtaim Trading,11020.95,SAR,2024-09-08,pos
ORD-2024-00684,Émile Boutique,2001.49,USD,2024-09-11,web
ORD-2024-00685,Carrefour Marina,1984.1,EUR,2024-09-22,web
ORD-2024-00686,Sharaf DG,4999.49,AED,2024-09-24,web
ORD-2024-00687,Zara Home Dubai,1133,SAR,2024-09-12,link
ORD-2024-00688,Lulu Hypermarket,1416.75,AED,2024-09-03,web
ORD-2024-00689,Al Maya Group,4611.49,AED,2024-09-17,link
ORD-2024-00690,Al Maya Group,109,USD,2024-09-09,link
ORD-2024-00691,Müller & Co,12987.05,AED,2024-09-20,app
ORD-2024-00692,Émile Boutique,1286.99,AED,2024-09-16,web
ORD-2024-00693,Zara Home Dubai,1192,AED,2024-09-17,link
ORD-2024-00694,Al Futtaim Trading,1364,SAR,2024-09-23,pos
ORD-2024-00695,Café Bateel,135.1,EUR,2024-09-11,web
ORD-2024-00696,Kibsons,57.5,AED,2024-09-06,link
ORD-2024-00697,Al Futtaim Trading,14825,AED,2024-09-29,link
ORD-2024-00698,Al Futtaim Trading,112,AED,2024-09-01,link
ORD-2024-00699,Müller & Co,405,SAR,2024-09-22,link
ORD-2024-00700,Kibsons,3016.49,AED,2024-09-16,web
ORD-2024-00701,Carrefour Marina,1377.1,AED,2024-09-22,pos
ORD-2024-00702,Home Centre,1530.49,SAR,2024-09-21,web
ORD-2024-00703,Carrefour Marina,1149.1,AED,2024-09-06,pos
ORD-2024-00704,Émile Boutique,18,AED,2024-09-17,pos
ORD-2024-00705,Lulu Hypermarket,429,AED,2024-09-24,web
ORD-2024-00706,Jumbo Electronics,13502.1,AED,2024-09-29,app
ORD-2024-00707,Spinneys Motor City,5575.25,AED,2024-09-20,pos
ORD-2024-00708,Café Bateel,14.25,AED,2024-09-03,link
ORD-2024-00709,Home Centre,64.5,SAR,2024-09-11,app
ORD-2024-00710,Müller & Co,14360.49,AED,2024-09-14,link
ORD-2024-00711,Jumbo Electronics,14374.25,AED,2024-09-03,app
ORD-2024-00712,Nando's JLT,151,AED,2024-09-12,link
ORD-2024-00713,Émile Boutique,12219.95,AED,2024-09-16,pos
ORD-2024-00714,Carrefour Marina,2133.1,AED,2024-09-08,web
ORD-2024-00715,Émile Boutique,81.99,AED,2024-09-15,link
ORD-2024-00716,Lulu Hypermarket,1471.25,AED,2024-09-02,web
ORD-2024-00717,Müller & Co,802.99,AED,2024-09-24,link
ORD-2024-00718,Zara Home Dubai,189.49,AED,2024-09-18,pos
ORD-2024-00719,Émile Boutique,116.49,USD,2024-09-30,link
ORD-2024-00720,Home Centre,38.05,SAR,2024-09-29,web
ORD-2024-00721,Müller & Co,13524.25,USD,2024-09-26,web
ORD-2024-00722,Carrefour Marina,3357.05,AED,2024-09-21,pos
ORD-2024-00723,Kibsons,18.1,SAR,2024-09-15,web
ORD-2024-00724,Lulu Hypermarket,137.05,AED,2024-09-26,pos
ORD-2024-00725,Al Futtaim Trading,10528.05,AED,2024-09-29,web
ORD-2024-00726,Émile Boutique,819,AED,2024-09-10,web
ORD-2024-00727,Home Centre,75.75,AED,2024-09-04,web
ORD-2024-00728,Zara Home Dubai,1100.25,AED,2024-09-18,web
ORD-2024-00729,Café Bateel,2103.25,AED,2024-09-25,link
ORD-2024-00730,Zara Home Dubai,58,AED,2024-09-10,link
ORD-2024-00731,Al Maya Group,1112.99,AED,2024-09-13,link
ORD-2024-00732,Home Centre,42.5,USD,2024-09-11,link
ORD-2024-00733,Müller & Co,65.49,AED,2024-09-16,link
ORD-2024-00734,Sharaf DG,7822.75,AED,2024-09-11,web
ORD-2024-00735,Émile Boutique,2010.1,AED,2024-09-07,web
ORD-2024-00736,Kibsons,1852.95,AED,2024-09-13,link
ORD-2024-00737,Nando's JLT,10368,AED,2024-09-04,app
ORD-2024-00738,Al Maya Group,1706.5,AED,2024-09-25,link
ORD-2024-00739,Kibsons,11593.05,SAR,2024-09-25,link
ORD-2024-00740,Carrefour Marina,107.95,AED,2024-09-12,web
ORD-2024-00741,Émile Boutique,884.49,AED,2024-09-04,link
ORD-2024-00742,Sharaf DG,2456,AED,2024-09-03,link
ORD-2024-00743,Émile Boutique,562.49,AED,2024-09-22,pos
ORD-2024-00744,Sharaf DG,18.5,AED,2024-09-26,pos
ORD-2024-00745,Home Centre,14475.75,USD,2024-09-17,link
ORD-2024-00746,Carrefour Marina,1506,AED,2024-09-21,app
ORD-2024-00747,Noon Retail,4775.5,AED,2024-09-15,link
ORD-2024-00748,Sharaf DG,432.1,AED,2024-09-03,link
ORD-2024-00749,Lulu Hypermarket,6054.49,USD,2024-09-11,web
ORD-2024-00750,Jumbo Electronics,49.99,AED,2024-09-29,pos
ORD-2024-00751,Zara Home Dubai,2761.25,AED,2024-09-03,pos
ORD-2024-00752,Müller & Co,3913.95,AED,2024-09-29,app
ORD-2024-00753,Home Centre,7608.49,AED,2024-09-28,link
ORD-2024-00754,Émile Boutique,108.49,AED,2024-09-10,app
ORD-2024-00755,Jumbo Electronics,675.95,SAR,2024-09-18,link
ORD-2024-00756,Café Bateel,6668.49,USD,2024-09-16,app
ORD-2024-00757,Zara Home Dubai,160.95,AED,2024-09-28,link
ORD-2024-00758,Carrefour Marina,2886.95,EUR,2024-09-28,link
ORD-2024-00759,Müller & Co,2835.75,AED,2024-09-03,app
ORD-2024-00760,Café Bateel,169.1,USD,2024-09-19,app
ORD-2024-00761,Zara Home Dubai,9628.5,AED,2024-09-24,link
ORD-2024-00762,Noon Retail,180.05,USD,2024-09-19,pos
ORD-2024-00763,Home Centre,103.95,AED,2024-09-23,link
ORD-2024-00764,Home Centre,9271.1,AED,2024-09-15,pos
ORD-2024-00765,Spinneys Motor City,2164.5,AED,2024-09-02,link
ORD-2024-00766,Café Bateel,167.99,SAR,2024-09-17,web
ORD-2024-00767,Émile Boutique,166.49,USD,2024-09-25,pos
ORD-2024-00768,Al Futtaim Trading,11672,USD,2024-09-12,link
ORD-2024-00769,Lulu Hypermarket,1138.5,USD,2024-09-23,app
ORD-2024-00770,Al Maya Group,97.99,AED,2024-09-18,pos
ORD-2024-00771,Home Centre,464,AED,2024-09-25,link
ORD-2024-00772,Noon Retail,1149.49,AED,2024-09-16,web
ORD-2024-00773,Al Maya Group,9081,AED,2024-09-08,web
ORD-2024-00774,Zara Home Dubai,344.25,AED,2024-09-19,web
ORD-2024-00775,Spinneys Motor City,53.1,SAR,2024-09-04,pos
ORD-2024-00776,Zara Home Dubai,68.25,AED,2024-09-17,web
ORD-2024-00777,Spinneys Motor City,2214.5,AED,2024-09-20,web
ORD-2024-00778,Spinneys Motor City,8941,AED,2024-09-16,web
ORD-2024-00779,Kibsons,5984.75,SAR,2024-09-10,app
ORD-2024-00780,Noon Retail,79.25,AED,2024-09-04,web
ORD-2024-00781,Al Maya Group,9258,AED,2024-09-08,web
ORD-2024-00782,Sharaf DG,60.1,USD,2024-09-25,pos
ORD-2024-00783,Kibsons,1055.75,AED,2024-09-25,link
ORD-2024-00784,Café Bateel,165.5,USD,2024-09-27,web
ORD-2024-00785,Émile Boutique,82.05,AED,2024-09-08,pos
ORD-2024-00786,Spinneys Motor City,9530.1,AED,2024-09-05,link
ORD-2024-00787,Home Centre,99,AED,2024-09-22,pos
ORD-2024-00788,Nando's JLT,5516.99,AED,2024-09-25,web
ORD-2024-00789,Émile Boutique,28.95,AED,2024-09-28,pos
ORD-2024-00790,Nando's JLT,11033.05,USD,2024-09-10,web
ORD-2024-00791,Kibsons,2008.05,AED,2024-09-11,app
ORD-2024-00792,Émile Boutique,254,AED,2024-09-09,web
ORD-2024-00793,Spinneys Motor City,94.99,AED,2024-09-21,app
ORD-2024-00794,Lulu Hypermarket,14.49,AED,2024-09-30,link
ORD-2024-00795,Nando's JLT,3046.75,AED,2024-09-02,link
ORD-2024-00796,Sharaf DG,1397.49,AED,2024-09-03,link
ORD-2024-00797,Noon Retail,165.99,AED,2024-09-06,pos
ORD-2024-00798,Al Maya Group,14152.99,AED,2024-09-06,app
ORD-2024-00799,Al Maya Group,134,AED,2024-09-11,link
ORD-2024-00800,Spinneys Motor City,2060,AED,2024-09-05,link
ORD-2024-00801,Al Maya Group,110.49,USD,2024-09-11,app
ORD-2024-00802,Émile Boutique,8760.49,AED,2024-09-21,pos
ORD-2024-00803,Kibsons,195.5,AED,2024-09-25,link
ORD-2024-00804,Zara Home Dubai,60,AED,2024-09-22,web
ORD-2024-00805,Home Centre,786,AED,2024-09-15,web
ORD-2024-00806,Sharaf DG,7928,AED,2024-09-25,link
ORD-2024-00807,Noon Retail,12117.75,AED,2024-09-04,app
ORD-2024-00808,Zara Home Dubai,9734.49,AED,2024-09-07,app
ORD-2024-00809,Lulu Hypermarket,168,USD,2024-09-27,app
ORD-2024-00810,Émile Boutique,2015,AED,2024-09-19,app
ORD-2024-00811,Émile Boutique,402.95,EUR,2024-09-23,link
ORD-2024-00812,Spinneys Motor City,168.25,AED,2024-09-12,pos
ORD-2024-00813,Nando's JLT,7319.25,SAR,2024-09-28,app
ORD-2024-00814,Zara Home Dubai,13332.49,USD,2024-09-24,link
ORD-2024-00815,Jumbo Electronics,138,AED,2024-09-28,web
ORD-2024-00816,Zara Home Dubai,7336.75,AED,2024-09-24,app
ORD-2024-00817,Sharaf DG,6208.49,AED,2024-09-15,pos
ORD-2024-00818,Müller & Co,154.95,USD,2024-09-02,link
ORD-2024-00819,Carrefour Marina,168.25,AED,2024-09-08,link
ORD-2024-00820,Spinneys Motor City,5841.25,AED,2024-09-17,web
ORD-2024-00821,Kibsons,179,AED,2024-09-12,app
ORD-2024-00822,Jumbo Electronics,2814,SAR,2024-09-24,pos
ORD-2024-00823,Al Maya Group,9030.05,AED,2024-09-24,pos
ORD-2024-00824,Nando's JLT,4841,AED,2024-09-19,link
ORD-2024-00825,Émile Boutique,7598,AED,2024-09-03,link
ORD-2024-00826,Home Centre,142.05,USD,2024-09-21,pos
ORD-2024-00827,Sharaf DG,58,AED,2024-09-03,app
ORD-2024-00828,Sharaf DG,34.05,AED,2024-09-28,pos
ORD-2024-00829,Al Futtaim Trading,110.1,AED,2024-09-02,link
ORD-2024-00830,Home Centre,1225.05,AED,2024-09-25,link
ORD-2024-00831,Sharaf DG,6568,AED,2024-09-18,app
ORD-2024-00832,Zara Home Dubai,88.49,AED,2024-09-17,link
ORD-2024-00833,Noon Retail,35.05,USD,2024-09-08,link
ORD-2024-00834,Home Centre,142,AED,2024-09-05,pos
ORD-2024-00835,Carrefour Marina,20.25,AED,2024-09-19,pos
ORD-2024-00836,Zara Home Dubai,59,AED,2024-09-28,app
ORD-2024-00837,Al Maya Group,3720.5,AED,2024-09-25,app
ORD-2024-00838,Jumbo Electronics,85.1,AED,2024-09-22,app
ORD-2024-00839,Jumbo Electronics,151.99,AED,2024-09-15,link
ORD-2024-00840,Home Centre,7560.75,AED,2024-09-20,pos
ORD-2024-00841,Émile Boutique,2263.95,AED,2024-09-12,link
ORD-2024-00842,Carrefour Marina,10093.99,SAR,2024-09-27,app
ORD-2024-00843,Kibsons,2024.99,USD,2024-09-06,web
ORD-2024-00844,Al Futtaim Trading,170.05,AED,2024-09-10,app
ORD-2024-00845,Carrefour Marina,1620,AED,2024-09-20,app
ORD-2024-00846,Café Bateel,1703.5,AED,2024-09-10,app
ORD-2024-00847,Al Maya Group,63.75,USD,2024-09-27,app
ORD-2024-00848,Café Bateel,2443,AED,2024-09-06,web
ORD-2024-00849,Müller & Co,9554.49,AED,2024-09-23,web
ORD-2024-00850,Lulu Hypermarket,9816.99,AED,2024-09-10,link
ORD-2024-00851,Noon Retail,1429,AED,2024-09-24,app
ORD-2024-00852,Home Centre,1950.5,AED,2024-09-28,app
ORD-2024-00853,Müller & Co,61,AED,2024-09-14,web
ORD-2024-00854,Émile Boutique,1145,AED,2024-09-05,app
ORD-2024-00855,Nando's JLT,1289.99,EUR,2024-09-23,app
ORD-2024-00856,Café Bateel,3956.5,AED,2024-09-07,link
ORD-2024-00857,Home Centre,2971.05,AED,2024-09-08,pos
ORD-2024-00858,Al Futtaim Trading,11460.99,AED,2024-09-03,pos
ORD-2024-00859,Café Bateel,179.95,SAR,2024-09-23,app
ORD-2024-00860,Zara Home Dubai,436,AED,2024-09-07,pos
ORD-2024-00861,Zara Home Dubai,173,AED,2024-09-20,pos
ORD-2024-00862,Home Centre,1720.75,EUR,2024-09-30,app
ORD-2024-00863,Lulu Hypermarket,1554,AED,2024-09-01,web
ORD-2024-00864,Home Centre,12067.1,AED,2024-09-09,app
ORD-2024-00865,Café Bateel,3131.49,AED,2024-09-25,web
ORD-2024-00866,Émile Boutique,101.99,AED,2024-09-23,web
ORD-2024-00867,Émile Boutique,61.1,USD,2024-09-03,web
ORD-2024-00868,Noon Retail,113,SAR,2024-09-12,link
ORD-2024-00869,Al Maya Group,1623.95,AED,2024-09-14,app
ORD-2024-00870,Al Maya Group,2280.49,AED,2024-09-21,pos
ORD-2024-00871,Spinneys Motor City,101,AED,2024-09-01,app
ORD-2024-00872,Carrefour Marina,10819,SAR,2024-09-18,web
ORD-2024-00873,Nando's JLT,1467.05,AED,2024-09-06,web
ORD-2024-00874,Nando's JLT,6791.1,SAR,2024-09-13,web
ORD-2024-00875,Noon Retail,29.49,AED,2024-09-30,pos
ORD-2024-00876,Kibsons,1444,AED,2024-09-07,pos
ORD-2024-00877,Sharaf DG,520.25,AED,2024-09-20,pos
ORD-2024-00878,Al Maya Group,61.49,AED,2024-09-28,web
ORD-2024-00879,Noon Retail,7921.05,USD,2024-09-18,web
ORD-2024-00880,Al Maya Group,32,EUR,2024-09-04,pos
ORD-2024-00881,Al Maya Group,8352.5,USD,2024-09-14,pos
ORD-2024-00882,Émile Boutique,11271.5,AED,2024-09-27,link
ORD-2024-00883,Jumbo Electronics,14597,SAR,2024-09-16,web
ORD-2024-00884,Café Bateel,1198.95,AED,2024-09-10,pos
ORD-2024-00885,Jumbo Electronics,64.95,AED,2024-09-17,app
ORD-2024-00886,Al Maya Group,14806.49,AED,2024-09-07,link
ORD-2024-00887,Al Maya Group,196.49,AED,2024-09-26,app
ORD-2024-00888,Zara Home Dubai,57,AED,2024-09-14,app
ORD-2024-00889,Jumbo Electronics,60,AED,2024-09-15,web
ORD-2024-00890,Zara Home Dubai,1749.25,AED,2024-09-27,web
ORD-2024-00891,Noon Retail,14969.5,AED,2024-09-29,web
ORD-2024-00892,Al Maya Group,146.95,AED,2024-09-27,link
ORD-2024-00893,Sharaf DG,136.49,AED,2024-09-17,pos
ORD-2024-00894,Lulu Hypermarket,1353,AED,2024-09-22,web
ORD-2024-00895,Lulu Hypermarket,105.75,AED,2024-09-26,link
ORD-2024-00896,Sharaf DG,125.25,AED,2024-09-16,web
ORD-2024-00897,Café Bateel,12221,SAR,2024-09-27,pos
ORD-2024-00898,Al Futtaim Trading,120.25,AED,2024-09-04,web
ORD-2024-00899,Noon Retail,2069.1,AED,2024-09-29,link
ORD-2024-00900,Zara Home Dubai,6150,AED,2024-09-17,app
ORD-2024-00901,Zara Home Dubai,7.49,AED,2024-09-30,link
ORD-2024-00902,Al Futtaim Trading,14079.75,AED,2024-09-14,web
ORD-2024-00903,Carrefour Marina,2165.49,AED,2024-09-03,app
ORD-2024-00904,Kibsons,44,USD,2024-09-18,web
ORD-2024-00905,Nando's JLT,834.99,AED,2024-09-17,app
ORD-2024-00906,Zara Home Dubai,1857,SAR,2024-09-16,pos
ORD-2024-00907,Müller & Co,2002,AED,2024-09-20,app
ORD-2024-00908,Jumbo Electronics,9391.25,AED,2024-09-06,web
ORD-2024-00909,Home Centre,10784,AED,2024-09-06,link
ORD-2024-00910,Noon Retail,60.49,AED,2024-09-19,app
ORD-2024-00911,Al Futtaim Trading,1705,AED,2024-09-16,pos
ORD-2024-00912,Émile Boutique,121.05,AED,2024-09-03,web
ORD-2024-00913,Al Maya Group,2410.75,USD,2024-09-17,web
ORD-2024-00914,Nando's JLT,85.49,AED,2024-09-01,web
ORD-2024-00915,Carrefour Marina,722,AED,2024-09-15,link
ORD-2024-00916,Jumbo Electronics,1541,AED,2024-09-14,web
ORD-2024-00917,Spinneys Motor City,178,AED,2024-09-09,web
ORD-2024-00918,Al Futtaim Trading,8265,SAR,2024-09-13,app
ORD-2024-00919,Lulu Hypermarket,14233.25,AED,2024-09-06,web
ORD-2024-00920,Home Centre,12919.49,AED,2024-09-18,link
ORD-2024-00921,Spinneys Motor City,10869,AED,2024-09-10,pos
ORD-2024-00922,Home Centre,5803.25,AED,2024-09-21,link
ORD-2024-00923,Zara Home Dubai,1426.25,USD,2024-09-08,app
ORD-2024-00924,Jumbo Electronics,1967.1,SAR,2024-09-12,link
ORD-2024-00925,Al Maya Group,54.95,AED,2024-09-07,pos
ORD-2024-00926,Müller & Co,13750.49,AED,2024-09-08,link
ORD-2024-00927,Sharaf DG,133.5,AED,2024-09-11,web
ORD-2024-00928,Noon Retail,13558.05,SAR,2024-09-28,app
ORD-2024-00929,Zara Home Dubai,1178.49,AED,2024-09-02,pos
ORD-2024-00930,Al Maya Group,2479,SAR,2024-09-19,link
ORD-2024-00931,Émile Boutique,6768,AED,2024-09-15,web
ORD-2024-00932,Café Bateel,10394,AED,2024-09-20,web
ORD-2024-00933,Home Centre,182.95,AED,2024-09-06,link
ORD-2024-00934,Al Maya Group,7257.1,AED,2024-09-15,link
ORD-2024-00935,Müller & Co,7845.49,AED,2024-09-26,pos
ORD-2024-00936,Kibsons,103.05,AED,2024-09-18,link
ORD-2024-00937,Home Centre,8863.49,AED,2024-09-19,pos
ORD-2024-00938,Lulu Hypermarket,18.95,EUR,2024-09-09,app
ORD-2024-00939,Müller & Co,70.95,AED,2024-09-21,pos
ORD-2024-00940,Carrefour Marina,7702.95,USD,2024-09-10,link
ORD-2024-00941,Spinneys Motor City,13087.99,AED,2024-09-02,pos
ORD-2024-00942,Nando's JLT,197.25,AED,2024-09-04,web
ORD-2024-00943,Carrefour Marina,648.1,SAR,2024-09-17,pos
ORD-2024-00944,Café Bateel,8367.49,AED,2024-09-28,pos
ORD-2024-00945,Kibsons,231.5,AED,2024-09-21,app
ORD-2024-00946,Carrefour Marina,188,USD,2024-09-20,app
ORD-2024-00947,Café Bateel,193,AED,2024-09-01,app
ORD-2024-00948,Müller & Co,2287.05,AED,2024-09-26,web
ORD-2024-00949,Sharaf DG,4820.5,AED,2024-09-18,web
ORD-2024-00950,Noon Retail,8647.1,USD,2024-09-19,web
ORD-2024-00951,Émile Boutique,129.99,USD,2024-09-10,pos
ORD-2024-00952,Home Centre,70,AED,2024-09-28,link
ORD-2024-00953,Zara Home Dubai,9786.1,AED,2024-09-14,web
ORD-2024-00954,Müller & Co,37,AED,2024-09-23,app
ORD-2024-00955,Lulu Hypermarket,1987.49,AED,2024-09-18,web
ORD-2024-00956,Émile Boutique,125.1,AED,2024-09-22,pos
ORD-2024-00957,Nando's JLT,188.05,AED,2024-09-30,web
ORD-2024-00958,Al Futtaim Trading,164.49,SAR,2024-09-29,pos
ORD-2024-00959,Noon Retail,4597,AED,2024-09-19,pos
ORD-2024-00960,Sharaf DG,107.25,AED,2024-09-26,pos
ORD-2024-00961,Spinneys Motor City,13334.5,AED,2024-09-06,web
ORD-2024-00962,Noon Retail,10.49,USD,2024-09-12,link
ORD-2024-00963,Émile Boutique,788,AED,2024-09-18,pos
ORD-2024-00964,Kibsons,16.05,AED,2024-09-29,link
ORD-2024-00965,Émile Boutique,1804,SAR,2024-09-12,web
ORD-2024-00966,Lulu Hypermarket,13989,AED,2024-09-08,link
ORD-2024-00967,Carrefour Marina,1044.75,AED,2024-09-24,link
ORD-2024-00968,Nando's JLT,1799.95,SAR,2024-09-13,pos
ORD-2024-00969,Al Futtaim Trading,7,SAR,2024-09-01,app
ORD-2024-00970,Lulu Hypermarket,559.99,USD,2024-09-12,pos
ORD-2024-00971,Al Maya Group,12042,EUR,2024-09-25,web
ORD-2024-00972,Nando's JLT,4912.99,USD,2024-09-04,link
ORD-2024-00973,Café Bateel,11.99,SAR,2024-09-11,web
ORD-2024-00974,Café Bateel,78.5,AED,2024-09-10,web
ORD-2024-00975,Sharaf DG,10966.99,EUR,2024-09-12,link
ORD-2024-00976,Spinneys Motor City,47.99,AED,2024-09-15,link
ORD-2024-00977,Noon Retail,1524.49,AED,2024-09-19,app
ORD-2024-00978,Al Maya Group,37.99,AED,2024-09-02,app
ORD-2024-00979,Carrefour Marina,70,USD,2024-09-13,link
ORD-2024-00980,Émile Boutique,12379,AED,2024-09-25,link
ORD-2024-00981,Nando's JLT,7406.25,SAR,2024-09-02,pos
ORD-2024-00982,Home Centre,66,AED,2024-09-07,web
ORD-2024-00983,Al Maya Group,1830.95,AED,2024-09-01,app
ORD-2024-00984,Zara Home Dubai,14.75,AED,2024-09-29,web
ORD-2024-00985,Carrefour Marina,10178.99,EUR,2024-09-29,web
ORD-2024-00986,Müller & Co,8233.95,AED,2024-09-06,link
ORD-2024-00987,Jumbo Electronics,383.49,AED,2024-09-27,app
ORD-2024-00988,Nando's JLT,55.05,AED,2024-09-25,web
ORD-2024-00989,Müller & Co,8381.95,AED,2024-09-10,link
ORD-2024-00990,Müller & Co,5767.05,AED,2024-09-30,pos
ORD-2024-00991,Nando's JLT,1904.49,SAR,2024-09-14,pos
ORD-2024-00992,Kibsons,1636,AED,2024-09-29,web
ORD-2024-00993,Müller & Co,25,EUR,2024-09-04,pos
ORD-2024-00994,Carrefour Marina,180.49,AED,2024-09-15,pos
ORD-2024-00995,Müller & Co,2238,AED,2024-09-09,link
ORD-2024-00996,Café Bateel,32.05,AED,2024-09-25,link
ORD-2024-00997,Lulu Hypermarket,95,AED,2024-09-17,app
ORD-2024-00998,Sharaf DG,11832.95,AED,2024-09-25,web
ORD-2024-00999,Sharaf DG,1200,AED,2024-09-19,web
ORD-2024-01000,Émile Boutique,105.05,EUR,2024-09-29,web
ORD-2024-00402,Émile Boutique,669,USD,2024-09-13,link
ORD-2024-00713,Émile Boutique,12219.95,AED,2024-09-16,pos
