psp_transaction_id;merchant_reference;amount;currency;payment_date;status;card_brand;merchant_name
TXN701087;ORD-2024-00220;521;AED;2024-09-10;CAPTURED;AMEX;Al Futtaim Trading
TXN701528;ORD-2024-00312;11232.99;SAR;2024-09-14;CAPTURED;MASTERCARD;Carrefour Marina
TXN704470;ORD-2024-00912;121.05;AED;2024-09-03;CAPTURED;VISA;Zara Home Dubai
TXN702269;ORD-2024-00461;8958.25;SAR;2024-09-30;CAPTURED;AMEX;Nando's JLT
TXN701164;ORD-2024-00237;14428.99;USD;2024-09-04;CAPTURED;MADA;Jumbo Electronics
TXN701192;ORD-2024-00242;11.99;AED;2024-09-30;CAPTURED;VISA;Café Bateel
TXN701063;ORD-2024-00215;4125.25;AED;2024-09-19;CAPTURED;VISA;Noon Retail
TXN704731;ORD-2024-00965;1804;SAR;2024-09-12;CAPTURED;VISA;Noon Retail
TXN704346;ORD-2024-00893;136.49;AED;2024-09-17;CAPTURED;MASTERCARD;Müller & Co
TXN701969;ORD-2024-00405;7066;SAR;2024-10-02;CAPTURED;VISA;Lulu Hypermarket
TXN700133;ORD-2024-00025;173.25;AED;2024-09-20;CAPTURED;VISA;Müller & Co
TXN703211;ORD-2024-00654;8860.05;AED;2024-09-03;CAPTURED;MASTERCARD;Zara Home Dubai
TXN703919;ORD-2024-00810;2015;AED;2024-09-20;CAPTURED;AMEX;Émile Boutique
TXN703559;ORD-2024-00727;75.75;AED;2024-09-06;CAPTURED;AMEX;Kibsons
TXN701588;ORD-2024-00324;155;AED;2024-09-03;CAPTURED;AMEX;Nando's JLT
TXN701213;ORD-2024-00246;2821.95;AED;2024-09-26;CAPTURED;AMEX;Al Maya Group
TXN703363;ORD-2024-00687;1133;SAR;2024-09-13;CAPTURED;MADA;Café Bateel
TXN701833;ORD-2024-00381;1637.1;USD;2024-09-05;CAPTURED;MASTERCARD;Jumbo Electronics
TXN702401;ORD-2024-00486;3862.5;SAR;2024-09-24;CAPTURED;AMEX;Müller & Co
TXN700536;ORD-2024-00108;81;AED;2024-09-08;CAPTURED;AMEX;Kibsons
TXN702974;ORD-2024-00608;1135;SAR;2024-09-22;CAPTURED;VISA;Noon Retail
TXN704129;ORD-2024-00848;2443;AED;2024-09-06;CAPTURED;VISA;Al Maya Group
TXN704196;ORD-2024-00863;1554;AED;2024-09-02;CAPTURED;VISA;Carrefour Marina
TXN700380;ORD-2024-00076;7852.5;SAR;2024-09-22;CAPTURED;MADA;Al Futtaim Trading
TXN701395;ORD-2024-00283;9414.49;AED;2024-09-30;CAPTURED;AMEX;Zara Home Dubai
TXN701424;ORD-2024-00288;7193.99;AED;2024-09-26;CAPTURED;VISA;Carrefour Marina
TXN700941;ORD-2024-00189;122.5;AED;2024-09-11;CAPTURED;AMEX;Carrefour Marina
TXN704146;ORD-2024-00850;9816.99;AED;2024-09-10;CAPTURED;MADA;Al Maya Group
TXN701167;ORD-2024-00238;20.1;AED;2024-09-05;CAPTURED;VISA;Sharaf DG
TXN703775;ORD-2024-00776;78.25;AED;2024-09-19;CAPTURED;VISA;Café Bateel
TXN702464;ORD-2024-00501;349.49;AED;2024-09-15;CAPTURED;VISA;Nando's JLT
TXN703036;ORD-2024-00620;1358;AED;2024-09-09;CAPTURED;MADA;Café Bateel
TXN704260;ORD-2024-00876;1444;AED;2024-09-09;CAPTURED;AMEX;Carrefour Marina
TXN700503;ORD-2024-00100;95;SAR;2024-09-26;CAPTURED;MADA;Carrefour Marina
TXN702580;ORD-2024-00528;2411;AED;2024-09-08;CAPTURED;VISA;Nando's JLT
TXN700739;ORD-2024-00150;104.95;SAR;2024-09-23;CAPTURED;VISA;Café Bateel
TXN704658;ORD-2024-00950;8647.1;USD;2024-09-19;CAPTURED;VISA;Al Maya Group
TXN703869;ORD-2024-00797;165.99;AED;2024-09-07;CAPTURED;MASTERCARD;Noon Retail
TXN703566;ORD-2024-00728;1100.25;AED;2024-09-20;CAPTURED;MASTERCARD;Lulu Hypermarket
TXN703306;ORD-2024-00675;107.1;AED;2024-09-20;CAPTURED;AMEX;Carrefour Marina
TXN702436;ORD-2024-00494;6195;EUR;2024-09-12;CAPTURED;AMEX;Al Maya Group
TXN701741;ORD-2024-00357;5157.05;AED;2024-09-15;CAPTURED;MADA;Carrefour Marina
TXN703760;ORD-2024-00771;464;AED;2024-09-26;CAPTURED;MASTERCARD;Kibsons
TXN700182;ORD-2024-00034;2620.49;AED;2024-09-07;CAPTURED;VISA;Café Bateel
TXN701671;ORD-2024-00343;2237.25;AED;2024-10-01;CAPTURED;MADA;Sharaf DG
TXN702456;ORD-2024-00499;28.05;AED;2024-09-05;CAPTURED;MADA;Müller & Co
TXN701363;ORD-2024-00277;1806.95;AED;2024-09-02;CAPTURED;MASTERCARD;Sharaf DG
TXN704911;ORD-2024-00997;95;AED;2024-09-17;CAPTURED;VISA;Home Centre
TXN701961;ORD-2024-00404;12272.49;SAR;2024-09-07;CAPTURED;AMEX;Émile Boutique
TXN701846;ORD-2024-00384;66.5;AED;2024-09-14;CAPTURED;VISA;Müller & Co
TXN701089;ORD-2024-00221;14098.5;AED;2024-09-20;CAPTURED;VISA;Zara Home Dubai
TXN700980;ORD-2024-00199;2664.05;AED;2024-09-08;CAPTURED;MASTERCARD;Al Futtaim Trading
TXN700741;ORD-2024-00152;104.75;EUR;2024-09-05;CAPTURED;MADA;Home Centre
TXN701753;ORD-2024-00360;11771.95;AED;2024-09-10;CAPTURED;MASTERCARD;Home Centre
TXN702278;ORD-2024-00464;1509.05;AED;2024-09-25;CAPTURED;VISA;Nando's JLT
TXN702144;ORD-2024-00437;715;AED;2024-09-16;CAPTURED;VISA;Müller & Co
TXN704718;ORD-2024-00963;788;AED;2024-09-18;CAPTURED;AMEX;Sharaf DG
TXN700487;ORD-2024-00097;2246.95;AED;2024-09-05;CAPTURED;VISA;Al Maya Group
TXN701669;ORD-2024-00342;172.75;AED;2024-09-15;CAPTURED;MASTERCARD;Lulu Hypermarket
TXN702025;ORD-2024-00417;14125;AED;2024-09-09;CAPTURED;VISA;Jumbo Electronics
TXN703602;ORD-2024-00736;1852.95;AED;2024-09-13;CAPTURED;MADA;Müller & Co
TXN700460;ORD-2024-00093;5161;USD;2024-09-06;CAPTURED;VISA;Zara Home Dubai
TXN703810;ORD-2024-00785;82.05;AED;2024-09-08;CAPTURED;MASTERCARD;Al Futtaim Trading
TXN700907;ORD-2024-00182;116.75;AED;2024-09-27;CAPTURED;MADA;Jumbo Electronics
TXN701446;ORD-2024-00291;3251.95;AED;2024-09-11;CAPTURED;VISA;Sharaf DG
TXN704058;ORD-2024-00833;35.05;USD;2024-09-09;CAPTURED;AMEX;Nando's JLT
TXN702445;ORD-2024-00495;61.75;AED;2024-09-06;CAPTURED;MADA;Müller & Co
TXN704157;ORD-2024-00853;61;AED;2024-09-15;CAPTURED;MASTERCARD;Nando's JLT
TXN701830;ORD-2024-00379;6562.5;USD;2024-09-25;CAPTURED;MASTERCARD;Home Centre
TXN700834;ORD-2024-00169;1320.99;USD;2024-09-03;CAPTURED;VISA;Noon Retail
TXN703554;ORD-2024-00725;10528.05;AED;2024-09-29;CAPTURED;MADA;Nando's JLT
TXN702770;ORD-2024-00564;1843.05;SAR;2024-09-29;CAPTURED;AMEX;Kibsons
TXN703684;ORD-2024-00756;6668.49;USD;2024-09-17;CAPTURED;VISA;Müller & Co
TXN702199;ORD-2024-00448;11795.05;AED;2024-09-27;CAPTURED;MADA;Émile Boutique
TXN702938;ORD-2024-00597;1335.99;AED;2024-09-19;CAPTURED;VISA;Home Centre
TXN701324;ORD-2024-00268;1898.49;USD;2024-09-01;CAPTURED;VISA;Jumbo Electronics
TXN704672;ORD-2024-00954;37;AED;2024-09-24;CAPTURED;MASTERCARD;Café Bateel
TXN701221;ORD-2024-00247;11711.49;AED;2024-09-30;CAPTURED;VISA;Home Centre
TXN703774;ORD-2024-00775;53.1;SAR;2024-09-04;CAPTURED;AMEX;Noon Retail
TXN703636;ORD-2024-00744;18.5;AED;2024-09-26;CAPTURED;AMEX;Noon Retail
TXN703007;ORD-2024-00615;43.05;AED;2024-09-02;CAPTURED;MASTERCARD;Müller & Co
TXN701747;ORD-2024-00358;3385.49;AED;2024-09-09;CAPTURED;MADA;Spinneys Motor City
TXN703096;ORD-2024-00632;5126;USD;2024-09-10;CAPTURED;MADA;Nando's JLT
TXN702905;ORD-2024-00588;70.25;AED;2024-09-24;CAPTURED;VISA;Jumbo Electronics
TXN702462;ORD-2024-00500;1467;AED;2024-10-01;CAPTURED;AMEX;Carrefour Marina
TXN701142;ORD-2024-00232;1302.99;AED;2024-09-10;CAPTURED;VISA;Kibsons
TXN702581;ORD-2024-00529;1844;USD;2024-09-22;CAPTURED;MADA;Sharaf DG
TXN701460;ORD-2024-00295;70;AED;2024-09-21;CAPTURED;MADA;Lulu Hypermarket
TXN700966;ORD-2024-00196;1420.5;EUR;2024-09-07;CAPTURED;MASTERCARD;Café Bateel
TXN703860;ORD-2024-00796;1397.49;AED;2024-09-04;CAPTURED;VISA;Spinneys Motor City
TXN703846;ORD-2024-00794;14.49;AED;2024-10-02;CAPTURED;MADA;Zara Home Dubai
TXN702993;ORD-2024-00613;980;AED;2024-09-15;CAPTURED;AMEX;Nando's JLT
TXN702035;ORD-2024-00419;196;AED;2024-09-10;CAPTURED;VISA;Müller & Co
TXN702718;ORD-2024-00552;7556.95;AED;2024-09-10;CAPTURED;MADA;Al Futtaim Trading
TXN702932;ORD-2024-00594;83.95;AED;2024-09-18;CAPTURED;VISA;Noon Retail
TXN703043;ORD-2024-00621;97;AED;2024-09-07;CAPTURED;VISA;Zara Home Dubai
TXN701991;ORD-2024-00410;3851.99;USD;2024-09-06;CAPTURED;AMEX;Kibsons
TXN701248;ORD-2024-00253;2085;SAR;2024-09-05;CAPTURED;MASTERCARD;Jumbo Electronics
TXN704406;ORD-2024-00902;14079.75;AED;2024-09-16;CAPTURED;MASTERCARD;Müller & Co
TXN702190;ORD-2024-00447;526;AED;2024-09-24;CAPTURED;AMEX;Zara Home Dubai
TXN704480;ORD-2024-00915;722;AED;2024-09-17;CAPTURED;VISA;Al Maya Group
TXN700265;ORD-2024-00052;391;AED;2024-09-26;CAPTURED;MADA;Café Bateel
TXN700829;ORD-2024-00168;1630.95;AED;2024-09-18;CAPTURED;MASTERCARD;Kibsons
TXN700329;ORD-2024-00066;3121.5;EUR;2024-09-29;CAPTURED;MASTERCARD;Émile Boutique
TXN700970;ORD-2024-00197;32;AED;2024-09-13;CAPTURED;AMEX;Al Futtaim Trading
TXN700764;ORD-2024-00157;157.05;AED;2024-09-10;CAPTURED;VISA;Kibsons
TXN701116;ORD-2024-00225;7378;AED;2024-09-30;CAPTURED;MASTERCARD;Sharaf DG
TXN700518;ORD-2024-00103;199;AED;2024-09-17;CAPTURED;MASTERCARD;Al Maya Group
TXN703915;ORD-2024-00808;9734.49;AED;2024-09-08;CAPTURED;AMEX;Kibsons
TXN702646;ORD-2024-00540;156;USD;2024-09-20;CAPTURED;MASTERCARD;Lulu Hypermarket
TXN700740;ORD-2024-00151;55.99;AED;2024-09-07;CAPTURED;MADA;Spinneys Motor City
TXN702801;ORD-2024-00569;165.75;USD;2024-09-26;CAPTURED;AMEX;Al Maya Group
TXN701559;ORD-2024-00317;1148.05;SAR;2024-09-12;CAPTURED;AMEX;Müller & Co
TXN701007;ORD-2024-00204;7015.95;SAR;2024-09-04;CAPTURED;AMEX;Café Bateel
TXN704006;ORD-2024-00825;7598;AED;2024-09-05;CAPTURED;AMEX;Lulu Hypermarket
TXN700916;ORD-2024-00185;195;AED;2024-09-03;CAPTURED;VISA;Zara Home Dubai
TXN703343;ORD-2024-00683;11020.95;SAR;2024-09-09;CAPTURED;AMEX;Noon Retail
TXN701265;ORD-2024-00256;8238.75;SAR;2024-09-15;CAPTURED;VISA;Kibsons
TXN704368;ORD-2024-00896;125.25;AED;2024-09-18;CAPTURED;AMEX;Al Futtaim Trading
TXN703878;ORD-2024-00800;2060;AED;2024-09-07;CAPTURED;AMEX;Spinneys Motor City
TXN704232;ORD-2024-00870;2280.49;AED;2024-09-23;CAPTURED;AMEX;Al Futtaim Trading
TXN701051;ORD-2024-00212;2083;AED;2024-09-02;CAPTURED;MADA;Spinneys Motor City
TXN701730;ORD-2024-00354;81.75;AED;2024-09-29;CAPTURED;MADA;Café Bateel
TXN704570;ORD-2024-00932;10394;AED;2024-09-20;CAPTURED;MASTERCARD;Noon Retail
TXN703795;ORD-2024-00781;9258;AED;2024-09-09;CAPTURED;MADA;Al Futtaim Trading
TXN700613;ORD-2024-00121;13293.25;AED;2024-09-23;CAPTURED;AMEX;Noon Retail
TXN703928;ORD-2024-00812;168.25;AED;2024-09-14;CAPTURED;AMEX;Émile Boutique
TXN702334;ORD-2024-00474;8758.25;AED;2024-09-08;CAPTURED;AMEX;Home Centre
TXN702177;ORD-2024-00443;8632.95;AED;2024-09-22;CAPTURED;VISA;Café Bateel
TXN703405;ORD-2024-00696;57.5;AED;2024-09-07;CAPTURED;AMEX;Émile Boutique
TXN701059;ORD-2024-00213;6211.99;USD;2024-09-27;CAPTURED;AMEX;Sharaf DG
TXN704506;ORD-2024-00920;12919.49;AED;2024-09-19;CAPTURED;MADA;Home Centre
TXN700216;ORD-2024-00041;1267.99;AED;2024-09-23;CAPTURED;AMEX;Nando's JLT
TXN704638;ORD-2024-00946;188;USD;2024-09-22;CAPTURED;AMEX;Spinneys Motor City
TXN700943;ORD-2024-00191;9207;AED;2024-09-28;CAPTURED;AMEX;Carrefour Marina
TXN700153;ORD-2024-00029;182;AED;2024-09-10;CAPTURED;MASTERCARD;Zara Home Dubai
TXN703814;ORD-2024-00787;99;AED;2024-09-23;CAPTURED;AMEX;Sharaf DG
TXN701121;ORD-2024-00226;7701.05;AED;2024-09-27;CAPTURED;AMEX;Spinneys Motor City
TXN701283;ORD-2024-00259;1501;AED;2024-09-26;CAPTURED;MASTERCARD;Nando's JLT
TXN704649;ORD-2024-00948;2287.05;AED;2024-09-28;CAPTURED;VISA;Émile Boutique
TXN700601;ORD-2024-00119;75.75;AED;2024-09-05;CAPTURED;VISA;Noon Retail
TXN700772;ORD-2024-00158;1802.49;AED;2024-09-21;CAPTURED;AMEX;Lulu Hypermarket
TXN700714;ORD-2024-00144;802.25;AED;2024-09-20;CAPTURED;MADA;Al Futtaim Trading
TXN702738;ORD-2024-00557;1360.1;AED;2024-09-05;CAPTURED;MADA;Müller & Co
TXN701208;ORD-2024-00244;11453;AED;2024-09-13;CAPTURED;AMEX;Nando's JLT
TXN701612;ORD-2024-00330;17;EUR;2024-09-16;CAPTURED;AMEX;Émile Boutique
TXN700087;ORD-2024-00016;2475.49;AED;2024-09-24;CAPTURED;AMEX;Jumbo Electronics
TXN703291;ORD-2024-00672;2426;AED;2024-09-06;CAPTURED;VISA;Al Futtaim Trading
TXN704399;ORD-2024-00901;7.49;AED;2024-10-01;CAPTURED;AMEX;Home Centre
TXN702346;ORD-2024-00476;1691;AED;2024-10-01;CAPTURED;AMEX;Carrefour Marina
TXN701608;ORD-2024-00328;1756;AED;2024-09-24;CAPTURED;AMEX;Café Bateel
TXN702221;ORD-2024-00451;139;USD;2024-09-25;CAPTURED;VISA;Home Centre
TXN700661;ORD-2024-00132;1657.75;AED;2024-09-20;CAPTURED;AMEX;Home Centre
TXN701228;ORD-2024-00248;2622.05;AED;2024-09-06;CAPTURED;VISA;Spinneys Motor City
TXN701732;ORD-2024-00355;10936.49;USD;2024-09-24;CAPTURED;MASTERCARD;Émile Boutique
TXN703983;ORD-2024-00821;179;AED;2024-09-14;CAPTURED;VISA;Jumbo Electronics
TXN704815;ORD-2024-00982;66;AED;2024-09-07;CAPTURED;VISA;Müller & Co
TXN704632;ORD-2024-00945;231.5;AED;2024-09-21;CAPTURED;MADA;Al Maya Group
TXN703630;ORD-2024-00743;562.49;AED;2024-09-22;CAPTURED;VISA;Sharaf DG
TXN700094;ORD-2024-00017;10285.5;AED;2024-09-14;CAPTURED;AMEX;Noon Retail
TXN700217;ORD-2024-00042;92.05;AED;2024-09-04;CAPTURED;AMEX;Home Centre
TXN702744;ORD-2024-00559;1509.49;USD;2024-09-22;CAPTURED;VISA;Café Bateel
TXN702805;ORD-2024-00570;3545.05;SAR;2024-09-26;CAPTURED;MADA;Home Centre
TXN702413;ORD-2024-00488;2054.95;AED;2024-09-25;CAPTURED;AMEX;Émile Boutique
TXN701339;ORD-2024-00272;6193.05;AED;2024-09-25;CAPTURED;MADA;Al Maya Group
TXN701011;ORD-2024-00205;5728.49;AED;2024-09-08;CAPTURED;VISA;Carrefour Marina
TXN702648;ORD-2024-00541;7502;AED;2024-09-14;CAPTURED;MADA;Home Centre
TXN700191;ORD-2024-00036;13884.5;AED;2024-09-13;CAPTURED;MASTERCARD;Kibsons
TXN701568;ORD-2024-00318;6306.75;SAR;2024-09-17;CAPTURED;AMEX;Al Futtaim Trading
TXN700750;ORD-2024-00154;96.75;AED;2024-09-25;CAPTURED;AMEX;Café Bateel
TXN703526;ORD-2024-00720;38.05;SAR;2024-09-29;CAPTURED;MASTERCARD;Sharaf DG
TXN704503;ORD-2024-00919;14233.25;AED;2024-09-08;CAPTURED;MASTERCARD;Sharaf DG
TXN703568;ORD-2024-00729;2103.25;AED;2024-09-25;CAPTURED;MASTERCARD;Noon Retail
TXN701638;ORD-2024-00335;108.1;USD;2024-09-28;CAPTURED;MASTERCARD;Lulu Hypermarket
TXN702955;ORD-2024-00604;44.25;AED;2024-09-08;CAPTURED;MASTERCARD;Jumbo Electronics
TXN703587;ORD-2024-00733;65.49;AED;2024-09-16;CAPTURED;MASTERCARD;Jumbo Electronics
TXN702998;ORD-2024-00614;150;AED;2024-09-04;CAPTURED;VISA;Al Futtaim Trading
TXN701639;ORD-2024-00336;483.99;AED;2024-09-12;CAPTURED;MASTERCARD;Al Maya Group
TXN704653;ORD-2024-00949;4820.5;AED;2024-09-18;CAPTURED;MASTERCARD;Müller & Co
TXN702290;ORD-2024-00466;25;SAR;2024-09-11;CAPTURED;AMEX;Café Bateel
TXN700107;ORD-2024-00019;7915;AED;2024-09-24;CAPTURED;MASTERCARD;Carrefour Marina
TXN703510;ORD-2024-00716;1471.25;AED;2024-09-02;CAPTURED;VISA;Sharaf DG
TXN701495;ORD-2024-00304;156;AED;2024-09-02;CAPTURED;AMEX;Émile Boutique
TXN701520;ORD-2024-00310;2000.49;AED;2024-09-15;CAPTURED;VISA;Home Centre
TXN700789;ORD-2024-00161;178.99;AED;2024-09-20;CAPTURED;AMEX;Lulu Hypermarket
TXN704778;ORD-2024-00974;78.5;AED;2024-09-10;CAPTURED;AMEX;Al Maya Group
TXN702158;ORD-2024-00440;130;AED;2024-09-05;CAPTURED;MADA;Lulu Hypermarket
TXN700449;ORD-2024-00089;1824.99;AED;2024-09-25;CAPTURED;MASTERCARD;Kibsons
TXN701882;ORD-2024-00392;5.99;AED;2024-09-14;CAPTURED;MADA;Home Centre
TXN700587;ORD-2024-00116;1503.1;AED;2024-09-07;CAPTURED;AMEX;Café Bateel
TXN701462;ORD-2024-00296;10093;AED;2024-09-30;CAPTURED;MASTERCARD;Nando's JLT
TXN703822;ORD-2024-00789;28.95;AED;2024-09-29;CAPTURED;AMEX;Spinneys Motor City
TXN702298;ORD-2024-00467;2352.99;AED;2024-09-26;CAPTURED;MASTERCARD;Nando's JLT
TXN700098;ORD-2024-00018;2037.99;AED;2024-09-24;CAPTURED;AMEX;Zara Home Dubai
TXN702854;ORD-2024-00580;464.1;AED;2024-09-07;CAPTURED;AMEX;Kibsons
TXN703802;ORD-2024-00782;60.1;USD;2024-09-25;CAPTURED;VISA;Carrefour Marina
TXN701972;ORD-2024-00406;13369;USD;2024-09-16;CAPTURED;VISA;Lulu Hypermarket
TXN704551;ORD-2024-00929;1178.49;AED;2024-09-04;CAPTURED;MASTERCARD;Sharaf DG
TXN704512;ORD-2024-00921;10869;AED;2024-09-11;CAPTURED;AMEX;Sharaf DG
TXN700033;ORD-2024-00008;4023;AED;2024-09-16;CAPTURED;VISA;Café Bateel
TXN703824;ORD-2024-00790;11033.05;USD;2024-09-12;CAPTURED;MASTERCARD;Jumbo Electronics
TXN704444;ORD-2024-00907;2002;AED;2024-09-21;CAPTURED;VISA;Émile Boutique
TXN700122;ORD-2024-00023;270.75;SAR;2024-09-10;CAPTURED;MASTERCARD;Noon Retail
TXN701097;ORD-2024-00222;425.75;AED;2024-09-16;CAPTURED;MADA;Sharaf DG
TXN701066;ORD-2024-00216;36;AED;2024-09-23;CAPTURED;VISA;Zara Home Dubai
TXN700942;ORD-2024-00190;7336.25;AED;2024-09-16;CAPTURED;VISA;Spinneys Motor City
TXN703496;ORD-2024-00712;151;AED;2024-09-14;CAPTURED;MASTERCARD;Noon Retail
TXN701813;ORD-2024-00372;12248.95;AED;2024-09-04;CAPTURED;AMEX;Jumbo Electronics
TXN703748;ORD-2024-00769;1138.5;USD;2024-09-25;CAPTURED;AMEX;Noon Retail
TXN700431;ORD-2024-00085;179.25;AED;2024-09-11;CAPTURED;VISA;Nando's JLT
TXN703834;ORD-2024-00792;254;AED;2024-09-11;CAPTURED;AMEX;Jumbo Electronics
TXN701102;ORD-2024-00223;4979.75;AED;2024-09-27;CAPTURED;VISA;Al Maya Group
TXN702149;ORD-2024-00439;2149.5;AED;2024-10-02;CAPTURED;VISA;Carrefour Marina
TXN702070;ORD-2024-00425;1014.05;AED;2024-09-07;CAPTURED;VISA;Café Bateel
TXN702355;ORD-2024-00477;4008;AED;2024-09-11;CAPTURED;MASTERCARD;Émile Boutique
TXN703234;ORD-2024-00660;138.05;EUR;2024-09-12;CAPTURED;MASTERCARD;Café Bateel
TXN702232;ORD-2024-00453;115;AED;2024-09-03;CAPTURED;VISA;Sharaf DG
TXN702957;ORD-2024-00605;893.99;AED;2024-09-27;CAPTURED;VISA;Lulu Hypermarket
TXN704824;ORD-2024-00983;1830.95;AED;2024-09-02;CAPTURED;MADA;Zara Home Dubai
TXN703162;ORD-2024-00644;2115.25;AED;2024-09-14;CAPTURED;VISA;Nando's JLT
TXN704017;ORD-2024-00827;58;AED;2024-09-04;CAPTURED;MASTERCARD;Zara Home Dubai
TXN702821;ORD-2024-00575;150.75;AED;2024-09-16;CAPTURED;MADA;Al Maya Group
TXN704586;ORD-2024-00936;103.05;AED;2024-09-19;CAPTURED;MADA;Kibsons
TXN703580;ORD-2024-00731;1112.99;AED;2024-09-15;CAPTURED;MASTERCARD;Sharaf DG
TXN700723;ORD-2024-00145;6931.05;AED;2024-09-15;CAPTURED;VISA;Al Maya Group
TXN703788;ORD-2024-00779;5984.75;SAR;2024-09-11;CAPTURED;VISA;Spinneys Motor City
TXN702638;ORD-2024-00539;5408.1;AED;2024-09-18;CAPTURED;VISA;Al Futtaim Trading
TXN702328;ORD-2024-00472;694.75;AED;2024-09-15;CAPTURED;MADA;Carrefour Marina
TXN704254;ORD-2024-00875;29.49;AED;2024-10-01;CAPTURED;VISA;Nando's JLT
TXN700494;ORD-2024-00099;816.05;EUR;2024-09-08;CAPTURED;MADA;Lulu Hypermarket
TXN700780;ORD-2024-00160;10978.75;AED;2024-09-15;CAPTURED;AMEX;Jumbo Electronics
TXN701694;ORD-2024-00346;3989.5;AED;2024-09-27;CAPTURED;AMEX;Zara Home Dubai
TXN702763;ORD-2024-00563;4108.75;AED;2024-09-19;CAPTURED;MADA;Émile Boutique
TXN704534;ORD-2024-00926;13750.49;AED;2024-09-10;CAPTURED;AMEX;Zara Home Dubai
TXN701723;ORD-2024-00351;23.99;USD;2024-09-19;CAPTURED;VISA;Noon Retail
TXN701897;ORD-2024-00394;1117.05;EUR;2024-09-07;CAPTURED;AMEX;Zara Home Dubai
TXN704571;ORD-2024-00933;182.95;AED;2024-09-06;CAPTURED;MASTERCARD;Müller & Co
TXN702613;ORD-2024-00534;2244.1;AED;2024-09-16;CAPTURED;VISA;Café Bateel
TXN700015;ORD-2024-00004;1330.25;AED;2024-09-22;CAPTURED;AMEX;Al Maya Group
TXN701875;ORD-2024-00391;141.05;USD;2024-09-21;CAPTURED;MADA;Müller & Co
TXN703051;ORD-2024-00624;2347.99;AED;2024-09-10;CAPTURED;MASTERCARD;Home Centre
TXN700290;ORD-2024-00058;114.75;AED;2024-09-02;CAPTURED;AMEX;Spinneys Motor City
TXN700298;ORD-2024-00059;2022.5;AED;2024-09-20;CAPTURED;MADA;Al Futtaim Trading
TXN701060;ORD-2024-00214;72;EUR;2024-09-06;CAPTURED;MADA;Lulu Hypermarket
TXN700083;ORD-2024-00015;112.49;SAR;2024-09-29;CAPTURED;MASTERCARD;Zara Home Dubai
TXN701700;ORD-2024-00347;1923;AED;2024-09-13;CAPTURED;AMEX;Émile Boutique
TXN701414;ORD-2024-00286;77.75;SAR;2024-09-01;CAPTURED;VISA;Home Centre
TXN701447;ORD-2024-00292;8475.99;AED;2024-09-26;CAPTURED;MASTERCARD;Al Maya Group
TXN702498;ORD-2024-00510;1743.1;AED;2024-09-01;CAPTURED;MASTERCARD;Al Maya Group
TXN703104;ORD-2024-00634;836;AED;2024-09-21;CAPTURED;MADA;Émile Boutique
TXN703097;ORD-2024-00633;1401.5;AED;2024-09-13;CAPTURED;AMEX;Home Centre
TXN704084;ORD-2024-00837;3720.5;AED;2024-09-25;CAPTURED;AMEX;Sharaf DG
TXN703927;ORD-2024-00811;402.95;EUR;2024-09-23;CAPTURED;VISA;Kibsons
TXN704592;ORD-2024-00937;8863.49;AED;2024-09-19;CAPTURED;VISA;Nando's JLT
TXN702944;ORD-2024-00600;14703.25;AED;2024-09-22;CAPTURED;AMEX;Nando's JLT
TXN702540;ORD-2024-00519;192.25;USD;2024-09-12;CAPTURED;MADA;Kibsons
TXN703253;ORD-2024-00664;1448;USD;2024-09-08;CAPTURED;MASTERCARD;Müller & Co
TXN702778;ORD-2024-00566;9.75;EUR;2024-09-08;CAPTURED;VISA;Jumbo Electronics
TXN701770;ORD-2024-00363;144.99;SAR;2024-09-25;CAPTURED;VISA;Müller & Co
TXN703619;ORD-2024-00741;884.49;AED;2024-09-05;CAPTURED;AMEX;Zara Home Dubai
TXN702757;ORD-2024-00561;96;USD;2024-09-14;CAPTURED;AMEX;Zara Home Dubai
TXN704577;ORD-2024-00935;7845.49;AED;2024-09-27;CAPTURED;MADA;Al Maya Group
TXN701271;ORD-2024-00257;101.75;AED;2024-09-23;CAPTURED;AMEX;Al Futtaim Trading
TXN702872;ORD-2024-00583;102;AED;2024-09-02;CAPTURED;VISA;Noon Retail
TXN701209;ORD-2024-00245;100.99;EUR;2024-09-16;CAPTURED;MASTERCARD;Spinneys Motor City
TXN704118;ORD-2024-00846;1703.5;AED;2024-09-12;CAPTURED;VISA;Home Centre
TXN700060;ORD-2024-00012;1388.49;USD;2024-09-06;CAPTURED;MADA;Al Maya Group
TXN701005;ORD-2024-00203;11726.99;USD;2024-09-25;CAPTURED;MASTERCARD;Al Futtaim Trading
TXN701925;ORD-2024-00399;4481.5;AED;2024-09-07;CAPTURED;AMEX;Al Maya Group
TXN701916;ORD-2024-00397;17.99;USD;2024-09-28;CAPTURED;MASTERCARD;Émile Boutique
TXN703224;ORD-2024-00658;2251.95;AED;2024-09-17;CAPTURED;VISA;Spinneys Motor City
TXN703048;ORD-2024-00623;50.5;AED;2024-09-10;CAPTURED;AMEX;Kibsons
TXN704912;ORD-2024-00998;11832.95;AED;2024-09-26;CAPTURED;VISA;Sharaf DG
TXN700856;ORD-2024-00173;10480.05;AED;2024-10-02;CAPTURED;MASTERCARD;Émile Boutique
TXN702256;ORD-2024-00458;256.49;USD;2024-09-20;CAPTURED;MASTERCARD;Émile Boutique
TXN703736;ORD-2024-00766;167.99;SAR;2024-09-19;CAPTURED;VISA;Café Bateel
TXN700748;ORD-2024-00153;976.1;AED;2024-09-17;CAPTURED;MADA;Café Bateel
TXN701155;ORD-2024-00236;2263.1;AED;2024-09-15;CAPTURED;MADA;Émile Boutique
TXN700569;ORD-2024-00114;2247.1;AED;2024-09-21;CAPTURED;VISA;Carrefour Marina
TXN702417;ORD-2024-00489;89.1;AED;2024-09-09;CAPTURED;MASTERCARD;Nando's JLT
TXN704035;ORD-2024-00829;110.1;AED;2024-09-02;CAPTURED;AMEX;Émile Boutique
TXN703575;ORD-2024-00730;58;AED;2024-09-11;CAPTURED;MASTERCARD;Nando's JLT
TXN702699;ORD-2024-00548;1731.25;AED;2024-09-25;CAPTURED;MASTERCARD;Müller & Co
TXN701923;ORD-2024-00398;182.75;AED;2024-09-13;CAPTURED;VISA;Müller & Co
TXN703430;ORD-2024-00701;1377.1;AED;2024-09-24;CAPTURED;VISA;Al Maya Group
TXN700419;ORD-2024-00083;8995;AED;2024-09-06;CAPTURED;VISA;Sharaf DG
TXN701601;ORD-2024-00327;509.49;AED;2024-09-13;CAPTURED;VISA;Sharaf DG
TXN700504;ORD-2024-00101;769.1;AED;2024-09-24;CAPTURED;MASTERCARD;Jumbo Electronics
TXN701468;ORD-2024-00299;6.25;AED;2024-09-28;CAPTURED;AMEX;Zara Home Dubai
TXN703639;ORD-2024-00746;1506;AED;2024-09-22;CAPTURED;MASTERCARD;Al Maya Group
TXN701789;ORD-2024-00368;457;AED;2024-09-27;CAPTURED;AMEX;Nando's JLT
TXN701679;ORD-2024-00344;7713.05;AED;2024-09-07;CAPTURED;MADA;Al Futtaim Trading
TXN702899;ORD-2024-00587;1858;AED;2024-09-03;CAPTURED;MASTERCARD;Émile Boutique
TXN704775;ORD-2024-00973;11.99;SAR;2024-09-11;CAPTURED;MASTERCARD;Zara Home Dubai
TXN700194;ORD-2024-00037;594.1;SAR;2024-10-02;CAPTURED;MASTERCARD;Sharaf DG
TXN703182;ORD-2024-00648;2024.1;AED;2024-09-29;CAPTURED;AMEX;Émile Boutique
TXN701795;ORD-2024-00369;1559.1;AED;2024-09-15;CAPTURED;VISA;Jumbo Electronics
TXN700148;ORD-2024-00028;841.1;AED;2024-09-12;CAPTURED;AMEX;Café Bateel
TXN702846;ORD-2024-00579;3391.25;AED;2024-09-04;CAPTURED;MADA;Al Futtaim Trading
TXN700913;ORD-2024-00183;695.75;AED;2024-09-29;CAPTURED;MASTERCARD;Müller & Co
TXN702389;ORD-2024-00483;1711;AED;2024-09-30;CAPTURED;MADA;Kibsons
TXN700811;ORD-2024-00165;536.1;AED;2024-09-13;CAPTURED;MADA;Jumbo Electronics
TXN700371;ORD-2024-00074;1427.25;AED;2024-09-23;CAPTURED;AMEX;Lulu Hypermarket
TXN703414;ORD-2024-00698;112;AED;2024-09-03;CAPTURED;MASTERCARD;Noon Retail
TXN701822;ORD-2024-00377;8169;AED;2024-09-16;CAPTURED;MASTERCARD;Spinneys Motor City
TXN701466;ORD-2024-00298;52;AED;2024-09-29;CAPTURED;MASTERCARD;Jumbo Electronics
TXN700554;ORD-2024-00111;2047.49;AED;2024-09-06;CAPTURED;VISA;Al Futtaim Trading
TXN700999;ORD-2024-00202;4139.1;AED;2024-09-09;CAPTURED;VISA;Émile Boutique
TXN704759;ORD-2024-00970;559.99;USD;2024-09-14;CAPTURED;MASTERCARD;Müller & Co
TXN701997;ORD-2024-00411;2061.05;AED;2024-09-02;CAPTURED;MASTERCARD;Al Futtaim Trading
TXN702772;ORD-2024-00565;11769.1;AED;2024-09-05;CAPTURED;MADA;Émile Boutique
TXN704178;ORD-2024-00858;11460.99;AED;2024-09-03;CAPTURED;MASTERCARD;Müller & Co
TXN701079;ORD-2024-00219;119.25;USD;2024-09-22;CAPTURED;AMEX;Home Centre
TXN702922;ORD-2024-00591;970.05;AED;2024-09-16;CAPTURED;MADA;Spinneys Motor City
TXN701903;ORD-2024-00395;139.49;SAR;2024-09-06;CAPTURED;MADA;Émile Boutique
TXN700641;ORD-2024-00126;308;AED;2024-09-22;CAPTURED;MADA;Noon Retail
TXN702111;ORD-2024-00431;13694.05;AED;2024-09-16;CAPTURED;MASTERCARD;Spinneys Motor City
TXN701597;ORD-2024-00326;8.49;SAR;2024-09-23;CAPTURED;VISA;Kibsons
TXN704123;ORD-2024-00847;63.75;USD;2024-09-28;CAPTURED;AMEX;Kibsons
TXN702960;ORD-2024-00606;1517;AED;2024-09-17;CAPTURED;MASTERCARD;Lulu Hypermarket
TXN700244;ORD-2024-00048;4766.5;AED;2024-09-18;CAPTURED;MASTERCARD;Noon Retail
TXN700401;ORD-2024-00080;104;SAR;2024-09-12;CAPTURED;VISA;Spinneys Motor City
TXN701855;ORD-2024-00386;2411;AED;2024-09-30;CAPTURED;MASTERCARD;Müller & Co
TXN702257;ORD-2024-00459;1035.1;AED;2024-09-07;CAPTURED;AMEX;Café Bateel
TXN702002;ORD-2024-00412;1160.5;USD;2024-09-24;CAPTURED;AMEX;Zara Home Dubai
TXN700524;ORD-2024-00105;7289.5;SAR;2024-09-21;CAPTURED;AMEX;Sharaf DG
TXN701236;ORD-2024-00250;71.1;AED;2024-09-26;CAPTURED;AMEX;Noon Retail
TXN703735;ORD-2024-00765;2164.5;AED;2024-09-03;CAPTURED;VISA;Émile Boutique
TXN703743;ORD-2024-00768;11672;USD;2024-09-14;CAPTURED;VISA;Home Centre
TXN701941;ORD-2024-00401;22.5;AED;2024-09-12;CAPTURED;AMEX;Nando's JLT
TXN702273;ORD-2024-00462;193.75;AED;2024-09-20;CAPTURED;MADA;Café Bateel
TXN702312;ORD-2024-00469;1440;AED;2024-09-15;CAPTURED;AMEX;Noon Retail
TXN704926;ORD-2024-90001;56;AED;2024-09-04;CAPTURED;MADA;Home Centre
TXN702225;ORD-2024-00452;14760.49;AED;2024-09-13;CAPTURED;MASTERCARD;Spinneys Motor City
TXN703621;ORD-2024-00742;2456;AED;2024-09-03;CAPTURED;MASTERCARD;Home Centre
TXN702597;ORD-2024-00531;13095;AED;2024-09-25;CAPTURED;AMEX;Spinneys Motor City
TXN704923;ORD-2024-01000;105.05;EUR;2024-09-29;CAPTURED;MASTERCARD;Nando's JLT
TXN703941;ORD-2024-00814;13332.49;USD;2024-09-26;CAPTURED;VISA;Al Futtaim Trading
TXN703330;ORD-2024-00680;8118.5;AED;2024-09-28;CAPTURED;MADA;Al Futtaim Trading
TXN704168;ORD-2024-00855;1289.99;EUR;2024-09-25;CAPTURED;AMEX;Nando's JLT
TXN702422;ORD-2024-00491;61.1;SAR;2024-09-11;CAPTURED;MADA;Kibsons
TXN700731;ORD-2024-00147;1954;USD;2024-09-23;CAPTURED;AMEX;Al Maya Group
TXN700934;ORD-2024-00188;48.95;AED;2024-09-25;CAPTURED;VISA;Sharaf DG
TXN702184;ORD-2024-00445;28.1;AED;2024-09-05;CAPTURED;VISA;Émile Boutique
TXN703935;ORD-2024-00813;7319.25;SAR;2024-09-28;CAPTURED;MADA;Müller & Co
TXN700839;ORD-2024-00170;172.99;AED;2024-10-01;CAPTURED;MADA;Home Centre
TXN702236;ORD-2024-00454;116.95;AED;2024-09-14;CAPTURED;AMEX;Carrefour Marina
TXN704391;ORD-2024-00900;6150;AED;2024-09-17;CAPTURED;MADA;Jumbo Electronics
TXN704884;ORD-2024-00993;25;EUR;2024-09-04;CAPTURED;VISA;Spinneys Motor City
TXN703071;ORD-2024-00627;4432.99;AED;2024-09-08;CAPTURED;VISA;Kibsons
TXN701767;ORD-2024-00362;2317.99;USD;2024-09-30;CAPTURED;AMEX;Émile Boutique
TXN704244;ORD-2024-00872;10819;SAR;2024-09-20;CAPTURED;AMEX;Émile Boutique
TXN703873;ORD-2024-00798;14152.99;AED;2024-09-07;CAPTURED;AMEX;Lulu Hypermarket
TXN701479;ORD-2024-00301;6389;AED;2024-09-30;CAPTURED;MASTERCARD;Home Centre
TXN703155;ORD-2024-00643;1750;AED;2024-09-04;CAPTURED;MADA;Müller & Co
TXN701373;ORD-2024-00279;6362;USD;2024-09-30;CAPTURED;VISA;Al Maya Group
TXN702479;ORD-2024-00505;897.25;AED;2024-09-07;CAPTURED;MASTERCARD;Spinneys Motor City
TXN704293;ORD-2024-00881;8352.5;USD;2024-09-14;CAPTURED;AMEX;Sharaf DG
TXN700214;ORD-2024-00040;112.49;AED;2024-09-21;CAPTURED;VISA;Zara Home Dubai
TXN704857;ORD-2024-00989;8381.95;AED;2024-09-12;CAPTURED;MASTERCARD;Carrefour Marina
TXN704197;ORD-2024-00864;12067.1;AED;2024-09-09;CAPTURED;VISA;Lulu Hypermarket
TXN700251;ORD-2024-00049;936.99;USD;2024-09-27;CAPTURED;AMEX;Nando's JLT
TXN703701;ORD-2024-00760;169.1;USD;2024-09-20;CAPTURED;AMEX;Müller & Co
TXN701859;ORD-2024-00388;12689.1;SAR;2024-09-21;CAPTURED;AMEX;Sharaf DG
TXN703599;ORD-2024-00735;2010.1;AED;2024-09-07;CAPTURED;VISA;Zara Home Dubai
TXN703130;ORD-2024-00638;52.1;AED;2024-09-06;CAPTURED;AMEX;Café Bateel
TXN700165;ORD-2024-00031;91.95;AED;2024-09-12;CAPTURED;MADA;Kibsons
TXN704707;ORD-2024-00961;13334.5;AED;2024-09-06;CAPTURED;MASTERCARD;Carrefour Marina
TXN704854;ORD-2024-00988;55.05;AED;2024-09-25;CAPTURED;VISA;Kibsons
TXN704351;ORD-2024-00894;1353;AED;2024-09-24;CAPTURED;MADA;Home Centre
TXN702103;ORD-2024-00430;10242;AED;2024-09-24;CAPTURED;MASTERCARD;Lulu Hypermarket
TXN702760;ORD-2024-00562;22.49;AED;2024-10-01;CAPTURED;AMEX;Müller & Co
TXN703502;ORD-2024-00714;2133.1;AED;2024-09-08;CAPTURED;AMEX;Al Maya Group
TXN703259;ORD-2024-00665;53.1;AED;2024-09-13;CAPTURED;VISA;Al Futtaim Trading
TXN702205;ORD-2024-00449;510.75;AED;2024-10-01;CAPTURED;MADA;Zara Home Dubai
TXN702913;ORD-2024-00589;841.05;AED;2024-09-15;CAPTURED;MADA;Noon Retail
TXN702590;ORD-2024-00529;1844;USD;2024-09-21;CAPTURED;MADA;Home Centre
TXN701154;ORD-2024-00235;11009.95;AED;2024-09-13;CAPTURED;MASTERCARD;Nando's JLT
TXN703676;ORD-2024-00755;675.95;SAR;2024-09-19;CAPTURED;MADA;Kibsons
TXN701509;ORD-2024-00308;2441.99;AED;2024-09-19;CAPTURED;MASTERCARD;Noon Retail
TXN703842;ORD-2024-00793;94.99;AED;2024-09-23;CAPTURED;VISA;Spinneys Motor City
TXN700428;ORD-2024-00084;1638.75;AED;2024-09-07;CAPTURED;MADA;Home Centre
TXN701304;ORD-2024-00264;99.75;AED;2024-09-17;CAPTURED;MADA;Lulu Hypermarket
TXN703985;ORD-2024-00822;2814;SAR;2024-09-25;CAPTURED;MADA;Müller & Co
TXN700945;ORD-2024-00192;12672;AED;2024-09-21;CAPTURED;MASTERCARD;Noon Retail
TXN703226;ORD-2024-00659;273.75;AED;2024-09-22;CAPTURED;MADA;Nando's JLT
TXN702116;ORD-2024-00432;1361.05;SAR;2024-09-11;CAPTURED;AMEX;Sharaf DG
TXN703659;ORD-2024-00752;3913.95;AED;2024-09-30;CAPTURED;MASTERCARD;Spinneys Motor City
TXN700956;ORD-2024-00194;4033.05;AED;2024-09-16;CAPTURED;MASTERCARD;Zara Home Dubai
TXN700318;ORD-2024-00063;10671.99;AED;2024-09-04;CAPTURED;MADA;Home Centre
TXN702129;ORD-2024-00434;35.05;AED;2024-09-11;CAPTURED;VISA;Al Maya Group
TXN703546;ORD-2024-00723;18.1;SAR;2024-09-17;CAPTURED;VISA;Al Futtaim Trading
TXN701369;ORD-2024-00278;13489;AED;2024-09-08;CAPTURED;AMEX;Zara Home Dubai
TXN701622;ORD-2024-00332;1174.75;AED;2024-09-12;CAPTURED;MASTERCARD;Kibsons
TXN704089;ORD-2024-00839;151.99;AED;2024-09-15;CAPTURED;VISA;Café Bateel
TXN704176;ORD-2024-00857;2971.05;AED;2024-09-10;CAPTURED;AMEX;Al Futtaim Trading
TXN703165;ORD-2024-00645;14628.75;AED;2024-09-23;CAPTURED;VISA;Home Centre
TXN702381;ORD-2024-00482;23.25;AED;2024-09-26;CAPTURED;VISA;Émile Boutique
TXN701389;ORD-2024-00281;193.49;AED;2024-09-10;CAPTURED;MASTERCARD;Émile Boutique
TXN700903;ORD-2024-00181;12768.5;USD;2024-09-02;CAPTURED;AMEX;Home Centre
TXN703379;ORD-2024-00691;12987.05;AED;2024-09-22;CAPTURED;AMEX;Kibsons
TXN702244;ORD-2024-00455;1849.99;AED;2024-09-22;CAPTURED;VISA;Émile Boutique
TXN704930;ORD-2024-90002;3689.05;SAR;2024-09-07;CAPTURED;MADA;Carrefour Marina
TXN703401;ORD-2024-00695;135.1;EUR;2024-09-12;CAPTURED;VISA;Al Futtaim Trading
TXN700367;ORD-2024-00073;1882.99;AED;2024-09-20;CAPTURED;MASTERCARD;Lulu Hypermarket
TXN704297;ORD-2024-00884;1198.95;AED;2024-09-11;CAPTURED;VISA;Jumbo Electronics
TXN702364;ORD-2024-00479;5325.25;EUR;2024-09-27;CAPTURED;VISA;Nando's JLT
TXN703753;ORD-2024-00770;97.99;AED;2024-09-19;CAPTURED;VISA;Carrefour Marina
TXN701044;ORD-2024-00211;674.05;AED;2024-09-26;CAPTURED;VISA;Lulu Hypermarket
TXN704102;ORD-2024-00843;2024.99;USD;2024-09-06;CAPTURED;VISA;Home Centre
TXN701323;ORD-2024-00267;1500;AED;2024-09-21;CAPTURED;MASTERCARD;Émile Boutique
TXN700479;ORD-2024-00096;227.1;AED;2024-09-04;CAPTURED;VISA;Nando's JLT
TXN704153;ORD-2024-00851;1429;AED;2024-09-26;CAPTURED;VISA;Jumbo Electronics
TXN700914;ORD-2024-00184;5768.25;AED;2024-09-13;CAPTURED;MADA;Noon Retail
TXN702320;ORD-2024-00471;5205.5;SAR;2024-09-29;CAPTURED;MADA;Café Bateel
TXN703195;ORD-2024-00651;613.25;AED;2024-09-23;CAPTURED;VISA;Café Bateel
TXN700222;ORD-2024-00043;625.05;AED;2024-09-04;CAPTURED;MASTERCARD;Jumbo Electronics
TXN701494;ORD-2024-00303;12904.5;AED;2024-09-14;CAPTURED;MASTERCARD;Home Centre
TXN700233;ORD-2024-00046;161.95;SAR;2024-09-25;CAPTURED;MASTERCARD;Nando's JLT
TXN704359;ORD-2024-00895;105.75;AED;2024-09-28;CAPTURED;VISA;Nando's JLT
TXN700283;ORD-2024-00057;2036.49;USD;2024-09-19;CAPTURED;AMEX;Al Futtaim Trading
TXN701476;ORD-2024-00300;1933.95;EUR;2024-09-11;CAPTURED;AMEX;Al Futtaim Trading
TXN703816;ORD-2024-00788;5516.99;AED;2024-09-27;CAPTURED;MADA;Al Futtaim Trading
TXN704279;ORD-2024-00879;7921.05;USD;2024-09-18;CAPTURED;MASTERCARD;Spinneys Motor City
TXN702179;ORD-2024-00444;93;AED;2024-09-08;CAPTURED;MASTERCARD;Jumbo Electronics
TXN704791;ORD-2024-00977;1524.49;AED;2024-09-20;CAPTURED;AMEX;Carrefour Marina
TXN700737;ORD-2024-00149;8568.5;AED;2024-09-07;CAPTURED;MADA;Carrefour Marina
TXN702432;ORD-2024-00493;2285;AED;2024-09-17;CAPTURED;AMEX;Nando's JLT
TXN701726;ORD-2024-00352;155.99;AED;2024-09-15;CAPTURED;MADA;Lulu Hypermarket
TXN700578;ORD-2024-00115;6560.75;AED;2024-09-26;CAPTURED;MADA;Al Maya Group
TXN704298;ORD-2024-00885;64.95;AED;2024-09-18;CAPTURED;MADA;Zara Home Dubai
TXN701577;ORD-2024-00320;1518.75;AED;2024-09-30;CAPTURED;VISA;Carrefour Marina
TXN701318;ORD-2024-00266;24.95;AED;2024-09-06;CAPTURED;VISA;Home Centre
TXN702682;ORD-2024-00546;914;AED;2024-09-28;CAPTURED;AMEX;Café Bateel
TXN702135;ORD-2024-00436;1394;AED;2024-09-07;CAPTURED;AMEX;Kibsons
TXN703903;ORD-2024-00806;7928;AED;2024-09-27;CAPTURED;VISA;Émile Boutique
TXN703310;ORD-2024-00676;12294.05;AED;2024-09-29;CAPTURED;VISA;Al Futtaim Trading
TXN702455;ORD-2024-00498;161.1;AED;2024-09-20;CAPTURED;VISA;Jumbo Electronics
TXN700648;ORD-2024-00128;2158.1;AED;2024-09-03;CAPTURED;VISA;Home Centre
TXN703349;ORD-2024-00684;2001.49;USD;2024-09-12;CAPTURED;MASTERCARD;Café Bateel
TXN703432;ORD-2024-00702;1530.49;SAR;2024-09-23;CAPTURED;MASTERCARD;Spinneys Motor City
TXN703082;ORD-2024-00630;9208;AED;2024-09-29;CAPTURED;AMEX;Home Centre
TXN703522;ORD-2024-00718;189.49;AED;2024-09-19;CAPTURED;VISA;Lulu Hypermarket
TXN701805;ORD-2024-00371;7608;AED;2024-09-30;CAPTURED;MADA;Jumbo Electronics
TXN703112;ORD-2024-00635;2153;AED;2024-09-14;CAPTURED;MASTERCARD;Kibsons
TXN703318;ORD-2024-00678;10495.1;AED;2024-09-14;CAPTURED;MADA;Müller & Co
TXN703952;ORD-2024-00816;7336.75;AED;2024-09-25;CAPTURED;MASTERCARD;Kibsons
TXN702980;ORD-2024-00609;1859.49;AED;2024-09-15;CAPTURED;MADA;Spinneys Motor City
TXN704489;ORD-2024-00916;1541;AED;2024-09-16;CAPTURED;MADA;Noon Retail
TXN701778;ORD-2024-00365;12251;AED;2024-09-04;CAPTURED;VISA;Lulu Hypermarket
TXN701140;ORD-2024-00231;6272.75;AED;2024-09-09;CAPTURED;MASTERCARD;Carrefour Marina
TXN701296;ORD-2024-00262;786.75;SAR;2024-09-15;CAPTURED;VISA;Émile Boutique
TXN702734;ORD-2024-00556;7393.25;AED;2024-09-29;CAPTURED;MASTERCARD;Al Maya Group
TXN703300;ORD-2024-00673;2313.99;USD;2024-09-06;CAPTURED;MADA;Home Centre
TXN704111;ORD-2024-00844;170.05;AED;2024-09-10;CAPTURED;VISA;Al Maya Group
TXN700168;ORD-2024-00032;2345.49;AED;2024-09-15;CAPTURED;AMEX;Carrefour Marina
TXN704735;ORD-2024-00966;13989;AED;2024-09-08;CAPTURED;MADA;Müller & Co
TXN704452;ORD-2024-00908;9391.25;AED;2024-09-07;CAPTURED;VISA;Jumbo Electronics
TXN700798;ORD-2024-00163;122.1;AED;2024-09-14;CAPTURED;AMEX;Al Futtaim Trading
TXN702356;ORD-2024-00478;62;AED;2024-09-15;CAPTURED;AMEX;Al Futtaim Trading
TXN703388;ORD-2024-00692;1286.99;AED;2024-09-16;CAPTURED;MASTERCARD;Jumbo Electronics
TXN701816;ORD-2024-00373;13430.99;AED;2024-09-16;CAPTURED;VISA;Carrefour Marina
TXN703373;ORD-2024-00689;4611.49;AED;2024-09-17;CAPTURED;VISA;Al Maya Group
TXN701297;ORD-2024-00263;19.95;AED;2024-09-14;CAPTURED;MASTERCARD;Al Maya Group
TXN704804;ORD-2024-00980;12379;AED;2024-09-27;CAPTURED;VISA;Spinneys Motor City
TXN701076;ORD-2024-00218;13720;AED;2024-09-15;CAPTURED;MASTERCARD;Lulu Hypermarket
TXN701956;ORD-2024-00403;2473;AED;2024-09-07;CAPTURED;VISA;Home Centre
TXN703021;ORD-2024-00618;1426.1;AED;2024-09-17;CAPTURED;AMEX;Carrefour Marina
TXN704529;ORD-2024-00925;54.95;AED;2024-09-08;CAPTURED;VISA;Café Bateel
TXN704272;ORD-2024-00878;61.49;AED;2024-09-30;CAPTURED;AMEX;Spinneys Motor City
TXN702528;ORD-2024-00516;447.99;AED;2024-09-19;CAPTURED;MASTERCARD;Sharaf DG
TXN701974;ORD-2024-00407;191.05;AED;2024-09-05;CAPTURED;MADA;Émile Boutique
TXN701501;ORD-2024-00306;180.75;USD;2024-09-15;CAPTURED;MADA;Home Centre
TXN701394;ORD-2024-00282;15.75;AED;2024-09-12;CAPTURED;VISA;Home Centre
TXN702494;ORD-2024-00509;127;AED;2024-09-12;CAPTURED;MASTERCARD;Zara Home Dubai
TXN700299;ORD-2024-00060;1268.05;AED;2024-09-15;CAPTURED;VISA;Home Centre
TXN702341;ORD-2024-00475;135;AED;2024-09-23;CAPTURED;MADA;Café Bateel
TXN702921;ORD-2024-00590;378.1;USD;2024-09-27;CAPTURED;AMEX;Lulu Hypermarket
TXN702521;ORD-2024-00515;66.05;AED;2024-09-21;CAPTURED;VISA;Lulu Hypermarket
TXN700541;ORD-2024-00109;6017.99;SAR;2024-09-03;CAPTURED;MASTERCARD;Home Centre
TXN701866;ORD-2024-00389;5107.1;AED;2024-09-07;CAPTURED;AMEX;Home Centre
TXN703709;ORD-2024-00761;9628.5;AED;2024-09-24;CAPTURED;AMEX;Al Maya Group
TXN702929;ORD-2024-00593;8360;AED;2024-09-12;CAPTURED;MADA;Lulu Hypermarket
TXN701912;ORD-2024-00396;1419.1;EUR;2024-09-29;CAPTURED;MADA;Noon Retail
TXN704248;ORD-2024-00873;1467.05;AED;2024-09-08;CAPTURED;MADA;Kibsons
TXN700707;ORD-2024-00143;149.75;USD;2024-09-06;CAPTURED;AMEX;Sharaf DG
TXN700418;ORD-2024-00082;23.49;SAR;2024-09-04;CAPTURED;AMEX;Café Bateel
TXN703279;ORD-2024-00670;2219.75;AED;2024-09-27;CAPTURED;VISA;Kibsons
TXN703121;ORD-2024-00637;327.05;SAR;2024-09-23;CAPTURED;AMEX;Nando's JLT
TXN704479;ORD-2024-00914;85.49;AED;2024-09-02;CAPTURED;VISA;Müller & Co
TXN704467;ORD-2024-00911;1705;AED;2024-09-17;CAPTURED;AMEX;Nando's JLT
TXN701256;ORD-2024-00255;1313.75;SAR;2024-09-09;CAPTURED;MASTERCARD;Müller & Co
TXN700029;ORD-2024-00007;104.99;AED;2024-09-04;CAPTURED;AMEX;Al Maya Group
TXN704665;ORD-2024-00952;70;AED;2024-09-30;CAPTURED;MADA;Müller & Co
TXN700258;ORD-2024-00051;528.5;AED;2024-09-03;CAPTURED;AMEX;Spinneys Motor City
TXN703340;ORD-2024-00682;13025.25;SAR;2024-09-04;CAPTURED;AMEX;Kibsons
TXN704329;ORD-2024-00890;1749.25;AED;2024-09-28;CAPTURED;AMEX;Al Futtaim Trading
TXN701274;ORD-2024-00258;65.99;AED;2024-09-22;CAPTURED;MASTERCARD;Café Bateel
TXN702400;ORD-2024-00485;2181.1;USD;2024-09-02;CAPTURED;VISA;Spinneys Motor City
TXN703407;ORD-2024-00697;14825;AED;2024-09-30;CAPTURED;AMEX;Müller & Co
TXN704515;ORD-2024-00922;5803.25;AED;2024-09-22;CAPTURED;AMEX;Zara Home Dubai
TXN702475;ORD-2024-00503;3653;USD;2024-09-19;CAPTURED;MADA;Spinneys Motor City
TXN704345;ORD-2024-00892;146.95;AED;2024-09-27;CAPTURED;VISA;Jumbo Electronics
TXN701012;ORD-2024-00206;1651.49;AED;2024-09-07;CAPTURED;AMEX;Sharaf DG
TXN703481;ORD-2024-00710;14360.49;AED;2024-09-14;CAPTURED;MASTERCARD;Müller & Co
TXN703487;ORD-2024-00711;14374.25;AED;2024-09-03;CAPTURED;AMEX;Al Maya Group
TXN703017;ORD-2024-00617;10607.75;AED;2024-09-17;CAPTURED;AMEX;Carrefour Marina
TXN700054;ORD-2024-00011;180.1;USD;2024-09-08;CAPTURED;AMEX;Émile Boutique
TXN704563;ORD-2024-00931;6768;AED;2024-09-17;CAPTURED;MASTERCARD;Jumbo Electronics
TXN702652;ORD-2024-00542;161.5;AED;2024-09-20;CAPTURED;MASTERCARD;Kibsons
TXN703685;ORD-2024-00757;160.95;AED;2024-09-29;CAPTURED;AMEX;Carrefour Marina
TXN700111;ORD-2024-00021;65.05;USD;2024-09-07;CAPTURED;MASTERCARD;Carrefour Marina
TXN703525;ORD-2024-00719;116.49;USD;2024-10-02;CAPTURED;MASTERCARD;Carrefour Marina
TXN702605;ORD-2024-00532;139;AED;2024-09-25;CAPTURED;AMEX;Jumbo Electronics
TXN700352;ORD-2024-00070;46.25;AED;2024-09-30;CAPTURED;VISA;Carrefour Marina
TXN703721;ORD-2024-00763;103.95;AED;2024-09-25;CAPTURED;MASTERCARD;Müller & Co
TXN702274;ORD-2024-00463;1316;USD;2024-09-02;CAPTURED;AMEX;Spinneys Motor City
TXN700047;ORD-2024-00010;996.95;AED;2024-09-20;CAPTURED;VISA;Café Bateel
TXN700884;ORD-2024-00178;12910;AED;2024-09-23;CAPTURED;MADA;Café Bateel
TXN703891;ORD-2024-00802;8760.49;AED;2024-09-23;CAPTURED;MADA;Al Futtaim Trading
TXN701820;ORD-2024-00376;2246.49;AED;2024-09-14;CAPTURED;MASTERCARD;Kibsons
TXN702486;ORD-2024-00506;30.5;AED;2024-09-25;CAPTURED;VISA;Sharaf DG
TXN704893;ORD-2024-00994;180.49;AED;2024-09-16;CAPTURED;MADA;Kibsons
TXN701728;ORD-2024-00353;978;AED;2024-09-16;CAPTURED;MASTERCARD;Café Bateel
TXN702246;ORD-2024-00456;2284.05;AED;2024-09-14;CAPTURED;MASTERCARD;Lulu Hypermarket
TXN702838;ORD-2024-00578;8930.05;SAR;2024-09-14;CAPTURED;AMEX;Spinneys Motor City
TXN703804;ORD-2024-00784;165.5;USD;2024-09-27;CAPTURED;VISA;Nando's JLT
TXN701659;ORD-2024-00340;170.5;AED;2024-09-07;CAPTURED;MADA;Müller & Co
TXN704295;ORD-2024-00882;11271.5;AED;2024-09-28;CAPTURED;MADA;Nando's JLT
TXN703078;ORD-2024-00629;133.99;EUR;2024-09-08;CAPTURED;MADA;Nando's JLT
TXN700455;ORD-2024-00091;5456.49;EUR;2024-09-18;CAPTURED;VISA;Kibsons
TXN704460;ORD-2024-00910;60.49;AED;2024-09-19;CAPTURED;AMEX;Sharaf DG
TXN701201;ORD-2024-00243;478;AED;2024-09-12;CAPTURED;MADA;Home Centre
TXN703779;ORD-2024-00777;2214.5;AED;2024-09-22;CAPTURED;VISA;Carrefour Marina
TXN702492;ORD-2024-00507;12388.49;SAR;2024-09-16;CAPTURED;MADA;Kibsons
TXN700926;ORD-2024-00187;822.99;AED;2024-10-01;CAPTURED;MASTERCARD;Kibsons
TXN703830;ORD-2024-00791;2008.05;AED;2024-09-11;CAPTURED;AMEX;Spinneys Motor City
TXN702952;ORD-2024-00602;1774.75;USD;2024-09-20;CAPTURED;AMEX;Noon Retail
TXN702248;ORD-2024-00457;191.99;AED;2024-10-02;CAPTURED;MADA;Jumbo Electronics
TXN700753;ORD-2024-00155;123;USD;2024-09-08;CAPTURED;AMEX;Café Bateel
TXN704239;ORD-2024-00871;101;AED;2024-09-02;CAPTURED;MADA;Lulu Hypermarket
TXN701948;ORD-2024-00402;669;USD;2024-09-15;CAPTURED;AMEX;Carrefour Marina
TXN704320;ORD-2024-00889;60;AED;2024-09-17;CAPTURED;AMEX;Al Futtaim Trading
TXN701578;ORD-2024-00321;3457.49;SAR;2024-09-27;CAPTURED;AMEX;Kibsons
TXN701415;ORD-2024-00287;7478.75;AED;2024-09-27;CAPTURED;VISA;Kibsons
TXN700004;ORD-2024-00001;4146.95;AED;2024-09-05;CAPTURED;MASTERCARD;Al Maya Group
TXN700879;ORD-2024-00177;6557.49;AED;2024-09-23;CAPTURED;MASTERCARD;Al Maya Group
TXN704223;ORD-2024-00869;1623.95;AED;2024-09-14;CAPTURED;MADA;Jumbo Electronics
TXN700203;ORD-2024-00038;14783.1;AED;2024-09-23;CAPTURED;MASTERCARD;Zara Home Dubai
TXN702007;ORD-2024-00414;935.95;AED;2024-09-30;CAPTURED;VISA;Carrefour Marina
TXN701541;ORD-2024-00314;5914.5;USD;2024-09-04;CAPTURED;VISA;Kibsons
TXN702501;ORD-2024-00512;892.25;AED;2024-09-21;CAPTURED;AMEX;Sharaf DG
TXN702889;ORD-2024-00585;10434.95;USD;2024-09-03;CAPTURED;VISA;Home Centre
TXN701153;ORD-2024-00234;130;AED;2024-09-03;CAPTURED;VISA;Nando's JLT
TXN704527;ORD-2024-00924;1967.1;SAR;2024-09-14;CAPTURED;AMEX;Al Maya Group
TXN702468;ORD-2024-00502;1483.99;AED;2024-10-01;CAPTURED;MASTERCARD;Zara Home Dubai
TXN703239;ORD-2024-00662;4621.95;AED;2024-09-17;CAPTURED;VISA;Émile Boutique
TXN700659;ORD-2024-00131;9.25;AED;2024-09-22;CAPTURED;VISA;Nando's JLT
TXN704554;ORD-2024-00930;2479;SAR;2024-09-20;CAPTURED;MASTERCARD;Lulu Hypermarket
TXN701380;ORD-2024-00280;7.99;AED;2024-09-22;CAPTURED;MADA;Sharaf DG
TXN700067;ORD-2024-00013;9264.05;AED;2024-09-19;CAPTURED;VISA;Lulu Hypermarket
TXN704946;ORD-2024-90004;4462.05;AED;2024-09-13;CAPTURED;VISA;Al Futtaim Trading
TXN702187;ORD-2024-00446;34.1;AED;2024-09-10;CAPTURED;VISA;Zara Home Dubai
TXN701173;ORD-2024-00239;3068.05;AED;2024-09-21;CAPTURED;AMEX;Café Bateel
TXN700671;ORD-2024-00134;12;AED;2024-09-05;CAPTURED;AMEX;Noon Retail
TXN704601;ORD-2024-00939;70.95;AED;2024-09-21;CAPTURED;AMEX;Zara Home Dubai
TXN702947;ORD-2024-00601;21.25;AED;2024-09-03;CAPTURED;AMEX;Sharaf DG
TXN702708;ORD-2024-00550;13453.25;USD;2024-09-05;CAPTURED;VISA;Spinneys Motor City
TXN704251;ORD-2024-00874;6791.1;SAR;2024-09-15;CAPTURED;VISA;Sharaf DG
TXN702306;ORD-2024-00468;1895.49;AED;2024-09-12;CAPTURED;MASTERCARD;Sharaf DG
TXN702727;ORD-2024-00554;160.75;USD;2024-09-29;CAPTURED;MASTERCARD;Nando's JLT
TXN700682;ORD-2024-00137;9307;EUR;2024-09-17;CAPTURED;AMEX;Sharaf DG
TXN704722;ORD-2024-00964;26.05;AED;2024-09-30;CAPTURED;MASTERCARD;Carrefour Marina
TXN703874;ORD-2024-00799;134;AED;2024-09-12;CAPTURED;MASTERCARD;Noon Retail
TXN704898;ORD-2024-00995;2238;AED;2024-09-11;CAPTURED;MADA;Home Centre
TXN703761;ORD-2024-00772;1149.49;AED;2024-09-18;CAPTURED;MADA;Zara Home Dubai
TXN704916;ORD-2024-00999;1200;AED;2024-09-21;CAPTURED;AMEX;Al Maya Group
TXN703270;ORD-2024-00667;1939;AED;2024-09-10;CAPTURED;VISA;Noon Retail
TXN704772;ORD-2024-00972;4912.99;USD;2024-09-05;CAPTURED;VISA;Noon Retail
TXN704766;ORD-2024-00971;12042;EUR;2024-09-26;CAPTURED;MADA;Al Futtaim Trading
TXN704474;ORD-2024-00913;2410.75;USD;2024-09-18;CAPTURED;MASTERCARD;Noon Retail
TXN703436;ORD-2024-00703;1149.1;AED;2024-09-06;CAPTURED;MADA;Carrefour Marina
TXN702660;ORD-2024-00543;12.95;USD;2024-09-09;CAPTURED;AMEX;Nando's JLT
TXN702493;ORD-2024-00508;29;USD;2024-09-08;CAPTURED;MASTERCARD;Carrefour Marina
TXN704316;ORD-2024-00887;196.49;AED;2024-09-28;CAPTURED;MADA;Jumbo Electronics
TXN700276;ORD-2024-00056;84.49;USD;2024-09-25;CAPTURED;MASTERCARD;Home Centre
TXN700989;ORD-2024-00200;87.5;AED;2024-09-06;CAPTURED;AMEX;Spinneys Motor City
TXN701834;ORD-2024-00382;174;AED;2024-09-25;CAPTURED;MADA;Zara Home Dubai
TXN703282;ORD-2024-00671;7378.25;USD;2024-09-06;CAPTURED;MADA;Café Bateel
TXN700390;ORD-2024-00078;890.1;AED;2024-09-13;CAPTURED;AMEX;Jumbo Electronics
TXN704205;ORD-2024-00865;3131.49;AED;2024-09-25;CAPTURED;MADA;Noon Retail
TXN701237;ORD-2024-00251;115.25;AED;2024-09-13;CAPTURED;MASTERCARD;Zara Home Dubai
TXN703997;ORD-2024-00824;4841;AED;2024-09-20;CAPTURED;VISA;Nando's JLT
TXN700693;ORD-2024-00141;759.75;AED;2024-09-19;CAPTURED;MADA;Al Maya Group
TXN703538;ORD-2024-00722;3357.05;AED;2024-09-22;CAPTURED;VISA;Zara Home Dubai
TXN702451;ORD-2024-00496;10460;AED;2024-09-10;CAPTURED;AMEX;Carrefour Marina
TXN703673;ORD-2024-00754;108.49;AED;2024-09-11;CAPTURED;MADA;Spinneys Motor City
TXN704925;ORD-2024-90000;1067.95;USD;2024-09-01;CAPTURED;VISA;Al Maya Group
TXN702572;ORD-2024-00527;9238.99;AED;2024-09-28;CAPTURED;AMEX;Al Futtaim Trading
TXN703174;ORD-2024-00647;10555;AED;2024-09-13;CAPTURED;MASTERCARD;Müller & Co
TXN701552;ORD-2024-00316;87.25;SAR;2024-10-01;CAPTURED;MASTERCARD;Noon Retail
TXN701832;ORD-2024-00380;331.75;AED;2024-09-08;CAPTURED;MASTERCARD;Carrefour Marina
TXN703530;ORD-2024-00721;13524.25;USD;2024-09-28;CAPTURED;VISA;Café Bateel
TXN704094;ORD-2024-00840;7560.75;AED;2024-09-21;CAPTURED;VISA;Sharaf DG
TXN701292;ORD-2024-00261;14584.05;AED;2024-09-18;CAPTURED;AMEX;Al Futtaim Trading
TXN703074;ORD-2024-00628;563.05;USD;2024-09-22;CAPTURED;VISA;Émile Boutique
TXN703946;ORD-2024-00815;138;AED;2024-09-28;CAPTURED;VISA;Al Futtaim Trading
TXN704705;ORD-2024-00959;4597;AED;2024-09-20;CAPTURED;VISA;Nando's JLT
TXN700042;ORD-2024-00009;5503.25;AED;2024-10-02;CAPTURED;MASTERCARD;Kibsons
TXN700467;ORD-2024-00094;14292.49;AED;2024-09-22;CAPTURED;AMEX;Jumbo Electronics
TXN701508;ORD-2024-00307;22;USD;2024-09-03;CAPTURED;AMEX;Spinneys Motor City
TXN701179;ORD-2024-00240;1398;AED;2024-09-10;CAPTURED;MADA;Sharaf DG
TXN700598;ORD-2024-00118;414.99;AED;2024-09-07;CAPTURED;MADA;Al Maya Group
TXN704671;ORD-2024-00953;9786.1;AED;2024-09-16;CAPTURED;MASTERCARD;Nando's JLT
TXN700778;ORD-2024-00159;14664.05;AED;2024-09-18;CAPTURED;MADA;Café Bateel
TXN702499;ORD-2024-00511;12231.99;AED;2024-09-07;CAPTURED;AMEX;Nando's JLT
TXN700012;ORD-2024-00003;1276.49;AED;2024-09-10;CAPTURED;MADA;Home Centre
TXN700922;ORD-2024-00186;7470.75;AED;2024-09-04;CAPTURED;VISA;Kibsons
TXN704336;ORD-2024-00891;14969.5;AED;2024-10-01;CAPTURED;MASTERCARD;Jumbo Electronics
TXN700521;ORD-2024-00104;8.95;USD;2024-09-19;CAPTURED;MASTERCARD;Nando's JLT
TXN703503;ORD-2024-00715;81.99;AED;2024-09-15;CAPTURED;VISA;Nando's JLT
TXN704372;ORD-2024-00897;12221;SAR;2024-09-29;CAPTURED;MASTERCARD;Spinneys Motor City
TXN702404;ORD-2024-00487;814.95;AED;2024-09-06;CAPTURED;MASTERCARD;Al Maya Group
TXN702668;ORD-2024-00544;4163;AED;2024-09-15;CAPTURED;VISA;Müller & Co
TXN701785;ORD-2024-00367;1340;AED;2024-09-21;CAPTURED;VISA;Lulu Hypermarket
TXN702567;ORD-2024-00526;5436.49;USD;2024-09-25;CAPTURED;AMEX;Nando's JLT
TXN704596;ORD-2024-00938;18.95;EUR;2024-09-11;CAPTURED;MADA;Café Bateel
TXN704678;ORD-2024-00955;1987.49;AED;2024-09-19;CAPTURED;AMEX;Noon Retail
TXN702121;ORD-2024-00433;5918.95;AED;2024-09-17;CAPTURED;MADA;Noon Retail
TXN702937;ORD-2024-00596;2044;USD;2024-09-06;CAPTURED;MADA;Zara Home Dubai
TXN700547;ORD-2024-00110;76.25;SAR;2024-09-18;CAPTURED;VISA;Nando's JLT
TXN703425;ORD-2024-00700;3016.49;AED;2024-09-18;CAPTURED;MADA;Spinneys Motor City
TXN703248;ORD-2024-00663;2945.49;AED;2024-09-04;CAPTURED;MASTERCARD;Spinneys Motor City
TXN704808;ORD-2024-00981;7406.25;SAR;2024-09-03;CAPTURED;MADA;Nando's JLT
TXN702881;ORD-2024-00584;6249;AED;2024-09-26;CAPTURED;MASTERCARD;Noon Retail
TXN703333;ORD-2024-00681;168.95;AED;2024-09-08;CAPTURED;AMEX;Carrefour Marina
TXN701074;ORD-2024-00217;8119.75;SAR;2024-09-16;CAPTURED;VISA;Sharaf DG
TXN701761;ORD-2024-00361;38.5;AED;2024-09-19;CAPTURED;AMEX;Kibsons
TXN700685;ORD-2024-00139;9965;AED;2024-09-03;CAPTURED;MASTERCARD;Zara Home Dubai
TXN704193;ORD-2024-00862;1720.75;EUR;2024-10-02;CAPTURED;MADA;Spinneys Motor City
TXN701020;ORD-2024-00207;2281.99;AED;2024-09-10;CAPTURED;MASTERCARD;Nando's JLT
TXN701589;ORD-2024-00325;485.1;EUR;2024-09-22;CAPTURED;MASTERCARD;Noon Retail
TXN703059;ORD-2024-00625;405.25;AED;2024-09-30;CAPTURED;MASTERCARD;Al Futtaim Trading
TXN703771;ORD-2024-00774;344.25;AED;2024-09-20;CAPTURED;MADA;Al Futtaim Trading
TXN701401;ORD-2024-00284;101;SAR;2024-09-14;CAPTURED;MASTERCARD;Kibsons
TXN700327;ORD-2024-00064;9383.25;USD;2024-09-09;CAPTURED;AMEX;Al Futtaim Trading
TXN703688;ORD-2024-00758;2886.95;EUR;2024-09-28;CAPTURED;MASTERCARD;Lulu Hypermarket
TXN704171;ORD-2024-00856;3956.5;AED;2024-09-08;CAPTURED;MASTERCARD;Zara Home Dubai
TXN704839;ORD-2024-00985;10178.99;EUR;2024-09-29;CAPTURED;VISA;Émile Boutique
TXN704535;ORD-2024-00927;133.5;AED;2024-09-13;CAPTURED;MASTERCARD;Émile Boutique
TXN701708;ORD-2024-00349;5391.1;AED;2024-09-29;CAPTURED;MASTERCARD;Home Centre
TXN703611;ORD-2024-00739;11593.05;SAR;2024-09-26;CAPTURED;AMEX;Sharaf DG
TXN704384;ORD-2024-00899;2069.1;AED;2024-09-29;CAPTURED;AMEX;Lulu Hypermarket
TXN701739;ORD-2024-00356;179.05;AED;2024-09-17;CAPTURED;AMEX;Zara Home Dubai
TXN701345;ORD-2024-00274;8817.75;SAR;2024-09-12;CAPTURED;VISA;Kibsons
TXN701137;ORD-2024-00230;113.5;AED;2024-09-10;CAPTURED;VISA;Lulu Hypermarket
TXN700131;ORD-2024-00024;5026.1;EUR;2024-09-08;CAPTURED;MASTERCARD;Home Centre
TXN701609;ORD-2024-00329;1337.75;AED;2024-09-23;CAPTURED;MADA;Lulu Hypermarket
TXN704798;ORD-2024-00979;70;USD;2024-09-15;CAPTURED;MADA;Al Maya Group
TXN700438;ORD-2024-00087;181.05;EUR;2024-09-04;CAPTURED;AMEX;Sharaf DG
TXN704605;ORD-2024-00940;7702.95;USD;2024-09-12;CAPTURED;VISA;Café Bateel
TXN702983;ORD-2024-00611;12322.49;AED;2024-09-10;CAPTURED;MASTERCARD;Émile Boutique
TXN704457;ORD-2024-00909;10784;AED;2024-09-07;CAPTURED;VISA;Café Bateel
TXN703649;ORD-2024-00749;6054.49;USD;2024-09-12;CAPTURED;MASTERCARD;Café Bateel
TXN702453;ORD-2024-00497;14243.75;AED;2024-09-12;CAPTURED;AMEX;Sharaf DG
TXN702794;ORD-2024-00568;795.75;AED;2024-09-25;CAPTURED;AMEX;Émile Boutique
TXN702954;ORD-2024-00603;13641;AED;2024-09-17;CAPTURED;AMEX;Home Centre
TXN704575;ORD-2024-00934;7257.1;AED;2024-09-16;CAPTURED;MASTERCARD;Lulu Hypermarket
TXN702627;ORD-2024-00536;11815;AED;2024-09-11;CAPTURED;VISA;Home Centre
TXN702691;ORD-2024-00547;13393.25;AED;2024-09-25;CAPTURED;AMEX;Kibsons
TXN703794;ORD-2024-00780;79.25;AED;2024-09-06;CAPTURED;MASTERCARD;Jumbo Electronics
TXN702101;ORD-2024-00429;226;AED;2024-09-19;CAPTURED;MASTERCARD;Al Maya Group
TXN702940;ORD-2024-00598;13341.49;USD;2024-09-07;CAPTURED;MADA;Café Bateel
TXN703965;ORD-2024-00818;154.95;USD;2024-09-02;CAPTURED;AMEX;Home Centre
TXN703323;ORD-2024-00679;1754.05;USD;2024-09-21;CAPTURED;MADA;Lulu Hypermarket
TXN703556;ORD-2024-00726;819;AED;2024-09-12;CAPTURED;AMEX;Noon Retail
TXN701442;ORD-2024-00290;1675;AED;2024-09-27;CAPTURED;MADA;Zara Home Dubai
TXN704222;ORD-2024-00868;113;SAR;2024-09-12;CAPTURED;MASTERCARD;Zara Home Dubai
TXN703460;ORD-2024-00706;13502.1;AED;2024-09-29;CAPTURED;AMEX;Al Futtaim Trading
TXN703909;ORD-2024-00807;12117.75;AED;2024-09-06;CAPTURED;MASTERCARD;Jumbo Electronics
TXN702704;ORD-2024-00549;4671.49;USD;2024-09-05;CAPTURED;AMEX;Zara Home Dubai
TXN701252;ORD-2024-00254;118.95;SAR;2024-09-12;CAPTURED;VISA;Zara Home Dubai
TXN700409;ORD-2024-00081;12157;EUR;2024-09-19;CAPTURED;MASTERCARD;Müller & Co
TXN703138;ORD-2024-00640;3465.75;USD;2024-09-30;CAPTURED;MADA;Al Maya Group
TXN703918;ORD-2024-00809;168;USD;2024-09-29;CAPTURED;MADA;Jumbo Electronics
TXN702374;ORD-2024-00481;14;AED;2024-10-02;CAPTURED;MADA;Al Futtaim Trading
TXN702807;ORD-2024-00571;1609.95;SAR;2024-09-15;CAPTURED;VISA;Kibsons
TXN702677;ORD-2024-00545;80;AED;2024-09-10;CAPTURED;MASTERCARD;Spinneys Motor City
TXN704095;ORD-2024-00841;2263.95;AED;2024-09-12;CAPTURED;AMEX;Al Futtaim Trading
TXN701333;ORD-2024-00271;12091.49;USD;2024-09-16;CAPTURED;MASTERCARD;Noon Retail
TXN704026;ORD-2024-00828;34.05;AED;2024-09-28;CAPTURED;VISA;Kibsons
TXN701980;ORD-2024-00408;447.05;AED;2024-09-15;CAPTURED;AMEX;Carrefour Marina
TXN703266;ORD-2024-00666;14167.1;AED;2024-09-12;CAPTURED;MADA;Jumbo Electronics
TXN702713;ORD-2024-00551;5703.99;AED;2024-09-07;CAPTURED;AMEX;Müller & Co
TXN703222;ORD-2024-00656;639;USD;2024-09-18;CAPTURED;AMEX;Jumbo Electronics
TXN703271;ORD-2024-00668;864.95;AED;2024-09-09;CAPTURED;MADA;Noon Retail
TXN704787;ORD-2024-00975;10966.99;EUR;2024-09-12;CAPTURED;AMEX;Müller & Co
TXN702263;ORD-2024-00460;172.75;AED;2024-09-15;CAPTURED;MADA;Jumbo Electronics
TXN701872;ORD-2024-00390;1331.99;EUR;2024-09-05;CAPTURED;MASTERCARD;Carrefour Marina
TXN702020;ORD-2024-00416;2993.5;USD;2024-09-28;CAPTURED;VISA;Kibsons
TXN703803;ORD-2024-00783;1055.75;AED;2024-09-26;CAPTURED;VISA;Kibsons
TXN702418;ORD-2024-00490;155.95;AED;2024-09-04;CAPTURED;MASTERCARD;Kibsons
TXN700330;ORD-2024-00067;121.75;AED;2024-09-04;CAPTURED;MASTERCARD;Home Centre
TXN704185;ORD-2024-00860;436;AED;2024-09-08;CAPTURED;VISA;Zara Home Dubai
TXN700556;ORD-2024-00112;4354.99;AED;2024-09-23;CAPTURED;AMEX;Lulu Hypermarket
TXN704685;ORD-2024-00956;125.1;AED;2024-09-23;CAPTURED;MADA;Müller & Co
TXN703581;ORD-2024-00732;42.5;USD;2024-09-11;CAPTURED;MADA;Émile Boutique
TXN702044;ORD-2024-00421;8330.05;AED;2024-09-08;CAPTURED;VISA;Carrefour Marina
TXN701648;ORD-2024-00337;8935.99;AED;2024-09-22;CAPTURED;AMEX;Carrefour Marina
TXN700672;ORD-2024-00135;4054;AED;2024-09-13;CAPTURED;VISA;Spinneys Motor City
TXN703235;ORD-2024-00661;135.25;AED;2024-09-18;CAPTURED;AMEX;Al Futtaim Trading
TXN703207;ORD-2024-00653;2151;USD;2024-09-23;CAPTURED;VISA;Sharaf DG
TXN703193;ORD-2024-00650;570.99;AED;2024-09-20;CAPTURED;MADA;Sharaf DG
TXN703355;ORD-2024-00686;4999.49;AED;2024-09-25;CAPTURED;AMEX;Spinneys Motor City
TXN700308;ORD-2024-00061;5781.1;USD;2024-09-15;CAPTURED;AMEX;Lulu Hypermarket
TXN703474;ORD-2024-00709;64.5;SAR;2024-09-11;CAPTURED;MADA;Noon Retail
TXN703497;ORD-2024-00713;12219.95;AED;2024-09-17;CAPTURED;MADA;Al Futtaim Trading
TXN703304;ORD-2024-00674;101.99;AED;2024-09-09;CAPTURED;MADA;Nando's JLT
TXN702815;ORD-2024-00572;136.95;AED;2024-09-27;CAPTURED;VISA;Al Maya Group
TXN704544;ORD-2024-00928;13558.05;SAR;2024-09-30;CAPTURED;MASTERCARD;Nando's JLT
TXN702896;ORD-2024-00586;187.75;AED;2024-09-28;CAPTURED;MASTERCARD;Kibsons
TXN701650;ORD-2024-00339;9554.05;SAR;2024-09-08;CAPTURED;VISA;Zara Home Dubai
TXN700141;ORD-2024-00027;132;USD;2024-09-16;CAPTURED;MASTERCARD;Zara Home Dubai
TXN701326;ORD-2024-00270;1658.75;AED;2024-09-19;CAPTURED;MADA;Café Bateel
TXN700667;ORD-2024-00133;710.1;SAR;2024-09-21;CAPTURED;MADA;Noon Retail
TXN703378;ORD-2024-00690;109;USD;2024-09-10;CAPTURED;AMEX;Noon Retail
TXN703444;ORD-2024-00704;18;AED;2024-09-18;CAPTURED;MADA;Al Futtaim Trading
TXN703120;ORD-2024-00636;5122.99;AED;2024-09-20;CAPTURED;AMEX;Al Maya Group
TXN702130;ORD-2024-00435;8376.75;AED;2024-09-24;CAPTURED;MASTERCARD;Jumbo Electronics
TXN704010;ORD-2024-00826;142.05;USD;2024-09-22;CAPTURED;AMEX;Noon Retail
TXN704846;ORD-2024-00986;8233.95;AED;2024-09-08;CAPTURED;MASTERCARD;Spinneys Motor City
TXN701818;ORD-2024-00374;112.75;AED;2024-09-08;CAPTURED;AMEX;Sharaf DG
TXN701514;ORD-2024-00309;2111.95;AED;2024-09-18;CAPTURED;AMEX;Jumbo Electronics
TXN701857;ORD-2024-00387;7029.75;AED;2024-09-28;CAPTURED;MADA;Sharaf DG
TXN704421;ORD-2024-00904;44;USD;2024-09-19;CAPTURED;AMEX;Noon Retail
TXN701407;ORD-2024-00285;2441;SAR;2024-09-03;CAPTURED;MADA;Müller & Co
TXN703618;ORD-2024-00740;107.95;AED;2024-09-12;CAPTURED;AMEX;Jumbo Electronics
TXN700560;ORD-2024-00113;138.75;AED;2024-09-10;CAPTURED;MASTERCARD;Nando's JLT
TXN700375;ORD-2024-00075;5367.49;AED;2024-09-22;CAPTURED;AMEX;Home Centre
TXN702052;ORD-2024-00422;13868;AED;2024-09-22;CAPTURED;MASTERCARD;Sharaf DG
TXN702818;ORD-2024-00573;5153.25;AED;2024-09-10;CAPTURED;MASTERCARD;Nando's JLT
TXN700110;ORD-2024-00020;2081.5;AED;2024-09-26;CAPTURED;VISA;Müller & Co
TXN702936;ORD-2024-00595;12327.05;AED;2024-09-17;CAPTURED;MASTERCARD;Müller & Co
TXN701108;ORD-2024-00224;8.95;EUR;2024-09-08;CAPTURED;MADA;Lulu Hypermarket
TXN704610;ORD-2024-00941;13087.99;AED;2024-09-04;CAPTURED;AMEX;Spinneys Motor City
TXN700971;ORD-2024-00198;134;AED;2024-09-20;CAPTURED;MASTERCARD;Al Maya Group
TXN702927;ORD-2024-00592;9162.95;AED;2024-09-07;CAPTURED;AMEX;Noon Retail
TXN701454;ORD-2024-00294;13119;USD;2024-09-30;CAPTURED;MADA;Sharaf DG
TXN701325;ORD-2024-00269;36;AED;2024-09-02;CAPTURED;MASTERCARD;Zara Home Dubai
TXN701573;ORD-2024-00319;112.49;AED;2024-09-06;CAPTURED;MADA;Al Futtaim Trading
TXN704496;ORD-2024-00917;178;AED;2024-09-11;CAPTURED;AMEX;Al Maya Group
TXN703607;ORD-2024-00738;1706.5;AED;2024-09-25;CAPTURED;VISA;Jumbo Electronics
TXN702329;ORD-2024-00473;70.99;USD;2024-09-15;CAPTURED;AMEX;Kibsons
TXN700891;ORD-2024-00179;5814.49;USD;2024-09-13;CAPTURED;MADA;Al Maya Group
TXN704155;ORD-2024-00852;1950.5;AED;2024-09-28;CAPTURED;MADA;Lulu Hypermarket
TXN703453;ORD-2024-00705;429;AED;2024-09-24;CAPTURED;VISA;Müller & Co
TXN700118;ORD-2024-00022;16;USD;2024-09-05;CAPTURED;VISA;Nando's JLT
TXN701127;ORD-2024-00227;10554.05;SAR;2024-09-21;CAPTURED;MADA;Kibsons
TXN700211;ORD-2024-00039;2006.99;AED;2024-09-14;CAPTURED;VISA;Al Maya Group
TXN702637;ORD-2024-00538;2217;AED;2024-09-13;CAPTURED;VISA;Al Maya Group
TXN703216;ORD-2024-00655;299.99;AED;2024-09-04;CAPTURED;AMEX;Zara Home Dubai
TXN703974;ORD-2024-00820;5841.25;AED;2024-09-19;CAPTURED;MASTERCARD;Al Futtaim Trading
TXN703642;ORD-2024-00747;4775.5;AED;2024-09-16;CAPTURED;MASTERCARD;Noon Retail
TXN704502;ORD-2024-00918;8265;SAR;2024-09-14;CAPTURED;MASTERCARD;Spinneys Motor City
TXN702509;ORD-2024-00513;2003.95;AED;2024-09-16;CAPTURED;AMEX;Carrefour Marina
TXN704038;ORD-2024-00830;1225.05;AED;2024-09-27;CAPTURED;MASTERCARD;Spinneys Motor City
TXN701632;ORD-2024-00334;6090.75;SAR;2024-09-18;CAPTURED;MADA;Jumbo Electronics
TXN702161;ORD-2024-00441;5090;AED;2024-09-03;CAPTURED;AMEX;Al Futtaim Trading
TXN703739;ORD-2024-00767;166.49;USD;2024-09-26;CAPTURED;MADA;Noon Retail
TXN702610;ORD-2024-00533;193.5;AED;2024-09-28;CAPTURED;AMEX;Sharaf DG
TXN702147;ORD-2024-00438;2826.75;SAR;2024-09-13;CAPTURED;VISA;Sharaf DG
TXN701544;ORD-2024-00315;14763.75;AED;2024-09-10;CAPTURED;MADA;Nando's JLT
TXN704937;ORD-2024-90003;1244.05;USD;2024-09-10;CAPTURED;MASTERCARD;Carrefour Marina
TXN703902;ORD-2024-00805;786;AED;2024-09-15;CAPTURED;VISA;Home Centre
TXN700328;ORD-2024-00065;92.75;AED;2024-09-25;CAPTURED;VISA;Carrefour Marina
TXN704137;ORD-2024-00849;9554.49;AED;2024-09-25;CAPTURED;MADA;Lulu Hypermarket
TXN704873;ORD-2024-00991;1904.49;SAR;2024-09-15;CAPTURED;VISA;Al Futtaim Trading
TXN704831;ORD-2024-00984;14.75;AED;2024-09-29;CAPTURED;VISA;Zara Home Dubai
TXN700386;ORD-2024-00077;165;AED;2024-09-16;CAPTURED;VISA;Lulu Hypermarket
TXN701288;ORD-2024-00260;6909.5;AED;2024-09-25;CAPTURED;MADA;Spinneys Motor City
TXN702013;ORD-2024-00415;2463.99;AED;2024-09-17;CAPTURED;MASTERCARD;Carrefour Marina
TXN703087;ORD-2024-00631;553.49;AED;2024-09-13;CAPTURED;VISA;Home Centre
TXN703132;ORD-2024-00639;1399.49;EUR;2024-09-25;CAPTURED;MASTERCARD;Spinneys Motor City
TXN701666;ORD-2024-00341;655.5;EUR;2024-09-29;CAPTURED;MADA;Nando's JLT
TXN702393;ORD-2024-00484;943;AED;2024-09-29;CAPTURED;MASTERCARD;Müller & Co
TXN702168;ORD-2024-00442;2262.25;AED;2024-09-26;CAPTURED;MADA;Sharaf DG
TXN703762;ORD-2024-00773;9081;AED;2024-09-08;CAPTURED;VISA;Al Maya Group
TXN700654;ORD-2024-00130;2308;AED;2024-09-27;CAPTURED;MADA;Zara Home Dubai
TXN703898;ORD-2024-00804;60;AED;2024-09-22;CAPTURED;VISA;Zara Home Dubai
TXN700843;ORD-2024-00171;13779.05;USD;2024-10-01;CAPTURED;MASTERCARD;Nando's JLT
TXN704706;ORD-2024-00960;107.25;AED;2024-09-28;CAPTURED;MASTERCARD;Kibsons
TXN702536;ORD-2024-00518;10361.95;AED;2024-09-09;CAPTURED;MADA;Al Futtaim Trading
TXN702086;ORD-2024-00427;71.99;AED;2024-09-09;CAPTURED;AMEX;Kibsons
TXN701838;ORD-2024-00383;105.05;AED;2024-09-08;CAPTURED;MADA;Café Bateel
TXN703028;ORD-2024-00619;25.95;AED;2024-09-05;CAPTURED;VISA;Lulu Hypermarket
TXN700187;ORD-2024-00035;5015.25;SAR;2024-09-05;CAPTURED;VISA;Jumbo Electronics
TXN701583;ORD-2024-00323;187.49;AED;2024-09-18;CAPTURED;MADA;Lulu Hypermarket
TXN704319;ORD-2024-00888;57;AED;2024-09-14;CAPTURED;AMEX;Spinneys Motor City
TXN704215;ORD-2024-00867;61.1;USD;2024-09-04;CAPTURED;AMEX;Al Maya Group
TXN700760;ORD-2024-00156;70;SAR;2024-09-29;CAPTURED;MADA;Nando's JLT
TXN701353;ORD-2024-00275;1709;AED;2024-09-08;CAPTURED;AMEX;Zara Home Dubai
TXN702563;ORD-2024-00525;8807;AED;2024-09-04;CAPTURED;MASTERCARD;Noon Retail
TXN702748;ORD-2024-00560;5557;USD;2024-09-23;CAPTURED;MADA;Spinneys Motor City
TXN704436;ORD-2024-00906;1857;SAR;2024-09-18;CAPTURED;MADA;Noon Retail
TXN703972;ORD-2024-00819;168.25;AED;2024-09-09;CAPTURED;VISA;Zara Home Dubai
TXN701128;ORD-2024-00228;190.49;USD;2024-09-09;CAPTURED;MASTERCARD;Café Bateel
TXN703314;ORD-2024-00677;5736.99;AED;2024-09-03;CAPTURED;MADA;Spinneys Motor City
TXN704619;ORD-2024-00943;648.1;SAR;2024-09-18;CAPTURED;MADA;Al Maya Group
TXN703553;ORD-2024-00724;137.05;AED;2024-09-26;CAPTURED;MADA;Zara Home Dubai
TXN701534;ORD-2024-00313;6767.75;SAR;2024-09-28;CAPTURED;MADA;Müller & Co
TXN701704;ORD-2024-00348;94.05;AED;2024-09-17;CAPTURED;MADA;Al Maya Group
TXN700865;ORD-2024-00175;9794.25;AED;2024-09-11;CAPTURED;MASTERCARD;Carrefour Marina
TXN704066;ORD-2024-00834;142;AED;2024-09-05;CAPTURED;VISA;Carrefour Marina
TXN703604;ORD-2024-00737;10368;AED;2024-09-05;CAPTURED;VISA;Kibsons
TXN702282;ORD-2024-00465;1040.1;USD;2024-09-15;CAPTURED;MADA;Jumbo Electronics
TXN701988;ORD-2024-00409;10231;AED;2024-09-08;CAPTURED;VISA;Noon Retail
TXN704907;ORD-2024-00996;32.05;AED;2024-09-26;CAPTURED;VISA;Müller & Co
TXN702859;ORD-2024-00581;1252.95;AED;2024-09-10;CAPTURED;MASTERCARD;Home Centre
TXN702367;ORD-2024-00480;98.95;AED;2024-09-14;CAPTURED;AMEX;Zara Home Dubai
TXN700160;ORD-2024-00030;9324.99;EUR;2024-09-16;CAPTURED;MADA;Home Centre
TXN700266;ORD-2024-00053;145.05;SAR;2024-09-26;CAPTURED;MADA;Sharaf DG
TXN702830;ORD-2024-00577;5772.99;SAR;2024-09-11;CAPTURED;AMEX;Kibsons
TXN700311;ORD-2024-00062;35;AED;2024-09-08;CAPTURED;AMEX;Noon Retail
TXN703515;ORD-2024-00717;802.99;AED;2024-09-26;CAPTURED;MASTERCARD;Nando's JLT
TXN700960;ORD-2024-00195;14699.95;AED;2024-10-01;CAPTURED;MASTERCARD;Lulu Hypermarket
TXN700607;ORD-2024-00120;99.5;AED;2024-09-06;CAPTURED;AMEX;Café Bateel
TXN701150;ORD-2024-00233;5;USD;2024-09-07;CAPTURED;MADA;Jumbo Electronics
TXN700338;ORD-2024-00068;834.5;USD;2024-09-27;CAPTURED;VISA;Émile Boutique
TXN703008;ORD-2024-00616;703.5;AED;2024-09-09;CAPTURED;VISA;Sharaf DG
TXN701239;ORD-2024-00252;28.49;USD;2024-09-11;CAPTURED;AMEX;Al Maya Group
TXN701312;ORD-2024-00265;2317;SAR;2024-09-07;CAPTURED;VISA;Müller & Co
TXN701343;ORD-2024-00273;2373;USD;2024-09-13;CAPTURED;MADA;Nando's JLT
TXN704716;ORD-2024-00962;10.49;USD;2024-09-12;CAPTURED;AMEX;Sharaf DG
TXN702550;ORD-2024-00523;13.5;AED;2024-09-22;CAPTURED;AMEX;Spinneys Motor City
TXN704086;ORD-2024-00838;85.1;AED;2024-09-24;CAPTURED;VISA;Spinneys Motor City
TXN702513;ORD-2024-00514;4591.99;USD;2024-09-20;CAPTURED;MADA;Al Futtaim Trading
TXN704207;ORD-2024-00866;101.99;AED;2024-09-23;CAPTURED;MADA;Sharaf DG
TXN702094;ORD-2024-00428;68.75;AED;2024-09-17;CAPTURED;VISA;Müller & Co
TXN700802;ORD-2024-00164;1507.99;AED;2024-10-02;CAPTURED;MASTERCARD;Jumbo Electronics
TXN704741;ORD-2024-00967;1044.75;AED;2024-09-26;CAPTURED;MADA;Carrefour Marina
TXN701449;ORD-2024-00293;985.49;AED;2024-09-27;CAPTURED;VISA;Al Futtaim Trading
TXN703728;ORD-2024-00764;9271.1;AED;2024-09-16;CAPTURED;MADA;Jumbo Electronics
TXN703653;ORD-2024-00750;49.99;AED;2024-09-30;CAPTURED;VISA;Lulu Hypermarket
TXN704790;ORD-2024-00976;47.99;AED;2024-09-17;CAPTURED;MASTERCARD;Home Centre
TXN702068;ORD-2024-00424;10629.99;USD;2024-09-16;CAPTURED;VISA;Home Centre
TXN702732;ORD-2024-00555;7047;AED;2024-09-18;CAPTURED;MADA;Al Futtaim Trading
TXN700440;ORD-2024-00088;2063.25;EUR;2024-09-19;CAPTURED;AMEX;Müller & Co
TXN704307;ORD-2024-00886;14806.49;AED;2024-09-07;CAPTURED;AMEX;Carrefour Marina
TXN701819;ORD-2024-00375;893.05;AED;2024-09-13;CAPTURED;VISA;Noon Retail
TXN704694;ORD-2024-00957;188.05;AED;2024-10-01;CAPTURED;AMEX;Noon Retail
TXN703170;ORD-2024-00646;1053.05;AED;2024-10-01;CAPTURED;MADA;Zara Home Dubai
TXN700827;ORD-2024-00167;7723.75;AED;2024-09-07;CAPTURED;MASTERCARD;Al Maya Group
TXN702629;ORD-2024-00537;2052.5;AED;2024-09-23;CAPTURED;VISA;Jumbo Electronics
TXN701620;ORD-2024-00331;65.05;USD;2024-09-13;CAPTURED;MASTERCARD;Zara Home Dubai
TXN701136;ORD-2024-00229;857.05;AED;2024-09-27;CAPTURED;VISA;Al Maya Group
TXN700677;ORD-2024-00136;159.5;AED;2024-09-03;CAPTURED;MASTERCARD;Home Centre
TXN700997;ORD-2024-00201;13725.25;USD;2024-09-29;CAPTURED;VISA;Lulu Hypermarket
TXN703142;ORD-2024-00641;1008;AED;2024-09-10;CAPTURED;MASTERCARD;Al Maya Group
TXN700686;ORD-2024-00140;84.25;SAR;2024-09-26;CAPTURED;VISA;Sharaf DG
TXN704612;ORD-2024-00942;197.25;AED;2024-09-06;CAPTURED;MASTERCARD;Spinneys Motor City
TXN701729;ORD-2024-00354;81.75;AED;2024-09-29;CAPTURED;MASTERCARD;Spinneys Motor City
TXN704751;ORD-2024-00969;7;SAR;2024-09-02;CAPTURED;AMEX;Sharaf DG
TXN702061;ORD-2024-00423;8069.95;USD;2024-09-14;CAPTURED;AMEX;Al Futtaim Trading
TXN702541;ORD-2024-00520;2312.05;USD;2024-09-10;CAPTURED;MADA;Al Futtaim Trading
TXN702785;ORD-2024-00567;12359.1;AED;2024-09-03;CAPTURED;MASTERCARD;Émile Boutique
TXN700895;ORD-2024-00180;16.95;AED;2024-09-23;CAPTURED;MADA;Jumbo Electronics
TXN703418;ORD-2024-00699;405;SAR;2024-09-24;CAPTURED;MADA;Noon Retail
TXN704663;ORD-2024-00951;129.99;USD;2024-09-11;CAPTURED;MASTERCARD;Kibsons
TXN702038;ORD-2024-00420;142.99;AED;2024-09-02;CAPTURED;MADA;Al Maya Group
TXN702942;ORD-2024-00599;146;AED;2024-09-10;CAPTURED;MASTERCARD;Émile Boutique
TXN701631;ORD-2024-00333;136.95;USD;2024-09-16;CAPTURED;MASTERCARD;Carrefour Marina
TXN701037;ORD-2024-00210;140;AED;2024-09-09;CAPTURED;AMEX;Café Bateel
TXN700725;ORD-2024-00146;11979.75;AED;2024-09-18;CAPTURED;AMEX;Sharaf DG
TXN702079;ORD-2024-00426;8104;AED;2024-09-10;CAPTURED;MADA;Home Centre
TXN704068;ORD-2024-00835;20.25;AED;2024-09-20;CAPTURED;AMEX;Home Centre
TXN700232;ORD-2024-00045;1150;USD;2024-09-18;CAPTURED;VISA;Café Bateel
TXN703811;ORD-2024-00786;9530.1;AED;2024-09-05;CAPTURED;MADA;Kibsons
TXN703665;ORD-2024-00753;7608.49;AED;2024-09-30;CAPTURED;AMEX;Spinneys Motor City
TXN703895;ORD-2024-00803;195.5;AED;2024-09-27;CAPTURED;AMEX;Zara Home Dubai
TXN702478;ORD-2024-00504;2383.99;AED;2024-09-14;CAPTURED;MASTERCARD;Émile Boutique
TXN703353;ORD-2024-00685;1984.1;EUR;2024-09-24;CAPTURED;VISA;Lulu Hypermarket
TXN700007;ORD-2024-00002;64.5;USD;2024-09-30;CAPTURED;AMEX;Spinneys Motor City
TXN701888;ORD-2024-00393;142;AED;2024-09-05;CAPTURED;VISA;Carrefour Marina
TXN700437;ORD-2024-00086;25;AED;2024-09-14;CAPTURED;AMEX;Spinneys Motor City
TXN700019;ORD-2024-00005;59.95;AED;2024-09-10;CAPTURED;AMEX;Zara Home Dubai
TXN702965;ORD-2024-00607;1697;USD;2024-09-04;CAPTURED;VISA;Al Futtaim Trading
TXN704160;ORD-2024-00854;1145;AED;2024-09-05;CAPTURED;VISA;Home Centre
TXN701751;ORD-2024-00359;14549;USD;2024-09-06;CAPTURED;MASTERCARD;Nando's JLT
TXN704076;ORD-2024-00836;59;AED;2024-09-30;CAPTURED;VISA;Zara Home Dubai
TXN703638;ORD-2024-00745;14475.75;USD;2024-09-19;CAPTURED;MASTERCARD;Jumbo Electronics
TXN700076;ORD-2024-00014;3131.1;AED;2024-09-19;CAPTURED;MADA;Al Futtaim Trading
TXN700857;ORD-2024-00174;1663.99;AED;2024-09-02;CAPTURED;AMEX;Noon Retail
TXN700630;ORD-2024-00124;78.95;AED;2024-09-10;CAPTURED;MADA;Al Maya Group
TXN704287;ORD-2024-00880;32;EUR;2024-09-05;CAPTURED;MADA;Müller & Co
TXN703186;ORD-2024-00649;91.95;EUR;2024-09-13;CAPTURED;MASTERCARD;Émile Boutique
TXN704415;ORD-2024-00903;2165.49;AED;2024-09-04;CAPTURED;AMEX;Kibsons
TXN701783;ORD-2024-00366;23.25;AED;2024-09-20;CAPTURED;MADA;Home Centre
TXN704051;ORD-2024-00832;88.49;AED;2024-09-19;CAPTURED;AMEX;Müller & Co
TXN704101;ORD-2024-00842;10093.99;SAR;2024-09-28;CAPTURED;MASTERCARD;Al Futtaim Trading
TXN703200;ORD-2024-00652;47.99;AED;2024-09-25;CAPTURED;VISA;Spinneys Motor City
TXN704181;ORD-2024-00859;179.95;SAR;2024-09-23;CAPTURED;MADA;Lulu Hypermarket
TXN702619;ORD-2024-00535;151;AED;2024-09-27;CAPTURED;AMEX;Jumbo Electronics
TXN703594;ORD-2024-00734;7822.75;AED;2024-09-13;CAPTURED;MASTERCARD;Noon Retail
TXN701498;ORD-2024-00305;698.25;USD;2024-09-07;CAPTURED;MADA;Al Maya Group
TXN700398;ORD-2024-00079;1444.5;AED;2024-09-21;CAPTURED;AMEX;Sharaf DG
TXN702430;ORD-2024-00492;61.99;AED;2024-09-26;CAPTURED;AMEX;Spinneys Motor City
TXN704267;ORD-2024-00877;520.25;AED;2024-09-20;CAPTURED;MADA;Carrefour Marina
TXN700139;ORD-2024-00026;1065.25;AED;2024-09-30;CAPTURED;VISA;Émile Boutique
TXN700791;ORD-2024-00162;1022.95;SAR;2024-09-30;CAPTURED;AMEX;Café Bateel
TXN700622;ORD-2024-00122;349.05;USD;2024-09-04;CAPTURED;MADA;Kibsons
TXN700363;ORD-2024-00072;51.75;AED;2024-09-27;CAPTURED;AMEX;Nando's JLT
TXN700346;ORD-2024-00069;24;AED;2024-09-11;CAPTURED;MADA;Müller & Co
TXN703958;ORD-2024-00817;6208.49;AED;2024-09-15;CAPTURED;VISA;Al Maya Group
TXN702028;ORD-2024-00418;2408.99;AED;2024-09-14;CAPTURED;MADA;Spinneys Motor City
TXN700355;ORD-2024-00071;12751.49;AED;2024-09-22;CAPTURED;VISA;Noon Retail
TXN703390;ORD-2024-00693;1192;AED;2024-09-19;CAPTURED;VISA;Müller & Co
TXN703988;ORD-2024-00823;9030.05;AED;2024-09-25;CAPTURED;AMEX;Sharaf DG
TXN700020;ORD-2024-00006;1873.99;AED;2024-09-09;CAPTURED;VISA;Al Maya Group
TXN700850;ORD-2024-00172;150.95;AED;2024-09-13;CAPTURED;VISA;Spinneys Motor City
TXN703695;ORD-2024-00759;2835.75;AED;2024-09-05;CAPTURED;VISA;Lulu Hypermarket
TXN700530;ORD-2024-00107;188.49;USD;2024-09-23;CAPTURED;AMEX;Nando's JLT
TXN701649;ORD-2024-00338;2415.49;USD;2024-09-13;CAPTURED;AMEX;Carrefour Marina
TXN702984;ORD-2024-00612;146;AED;2024-09-04;CAPTURED;MASTERCARD;Müller & Co
TXN702542;ORD-2024-00521;1818.05;AED;2024-09-22;CAPTURED;MASTERCARD;Lulu Hypermarket
TXN700820;ORD-2024-00166;1594;SAR;2024-09-03;CAPTURED;MASTERCARD;Al Maya Group
TXN701801;ORD-2024-00370;229.49;AED;2024-09-22;CAPTURED;AMEX;Lulu Hypermarket
TXN700638;ORD-2024-00125;849;AED;2024-09-09;CAPTURED;VISA;Kibsons
TXN703787;ORD-2024-00778;8941;AED;2024-09-18;CAPTURED;AMEX;Noon Retail
TXN703716;ORD-2024-00762;180.05;USD;2024-09-20;CAPTURED;MADA;Lulu Hypermarket
TXN701934;ORD-2024-00400;137.99;EUR;2024-09-26;CAPTURED;AMEX;Zara Home Dubai
TXN704518;ORD-2024-00923;1426.25;USD;2024-09-08;CAPTURED;AMEX;Kibsons
TXN700525;ORD-2024-00106;125;AED;2024-09-26;CAPTURED;MADA;Müller & Co
TXN701847;ORD-2024-00385;8178.05;AED;2024-09-23;CAPTURED;MADA;Jumbo Electronics
TXN700240;ORD-2024-00047;126;AED;2024-09-23;CAPTURED;VISA;Al Maya Group
TXN700590;ORD-2024-00117;112;SAR;2024-09-20;CAPTURED;VISA;Émile Boutique
TXN702825;ORD-2024-00576;9271.5;EUR;2024-09-09;CAPTURED;MASTERCARD;Al Futtaim Trading
TXN704644;ORD-2024-00947;193;AED;2024-09-01;CAPTURED;MASTERCARD;Al Futtaim Trading
TXN702558;ORD-2024-00524;2308;AED;2024-09-20;CAPTURED;MADA;Al Maya Group
TXN701433;ORD-2024-00289;1972;AED;2024-09-08;CAPTURED;MADA;Spinneys Motor City
TXN703276;ORD-2024-00669;4756;AED;2024-09-30;CAPTURED;AMEX;Sharaf DG
TXN704047;ORD-2024-00831;6568;AED;2024-09-19;CAPTURED;MADA;Home Centre
TXN701030;ORD-2024-00209;21.75;AED;2024-09-11;CAPTURED;MADA;Émile Boutique
TXN701688;ORD-2024-00345;10901.1;AED;2024-09-05;CAPTURED;MASTERCARD;Zara Home Dubai
TXN704875;ORD-2024-00992;1636;AED;2024-09-29;CAPTURED;MADA;Spinneys Motor City
TXN700489;ORD-2024-00098;161.75;AED;2024-09-22;CAPTURED;VISA;Lulu Hypermarket
TXN702868;ORD-2024-00582;109.49;USD;2024-09-16;CAPTURED;VISA;Café Bateel
TXN700471;ORD-2024-00095;2476.1;AED;2024-09-02;CAPTURED;VISA;Spinneys Motor City
TXN700652;ORD-2024-00129;75.25;SAR;2024-09-25;CAPTURED;MASTERCARD;Al Maya Group
TXN703885;ORD-2024-00801;110.49;USD;2024-09-12;CAPTURED;AMEX;Spinneys Motor City
TXN703151;ORD-2024-00642;2156.1;AED;2024-09-27;CAPTURED;AMEX;Spinneys Motor City
TXN704378;ORD-2024-00898;120.25;AED;2024-09-06;CAPTURED;MADA;Café Bateel
TXN701522;ORD-2024-00311;984.5;AED;2024-09-13;CAPTURED;VISA;Carrefour Marina
TXN701356;ORD-2024-00276;68;AED;2024-09-17;CAPTURED;AMEX;Jumbo Electronics
TXN704792;ORD-2024-00978;37.99;AED;2024-09-03;CAPTURED;VISA;Müller & Co
TXN700647;ORD-2024-00127;67.05;AED;2024-09-07;CAPTURED;MASTERCARD;Lulu Hypermarket
TXN700701;ORD-2024-00142;14386;USD;2024-09-27;CAPTURED;MADA;Carrefour Marina
TXN701579;ORD-2024-00322;1881.1;AED;2024-09-17;CAPTURED;VISA;Lulu Hypermarket
TXN704190;ORD-2024-00861;173;AED;2024-09-22;CAPTURED;MASTERCARD;Lulu Hypermarket
TXN701771;ORD-2024-00364;9616.75;AED;2024-09-25;CAPTURED;MASTERCARD;Jumbo Electronics
TXN700271;ORD-2024-00054;1320.49;USD;2024-09-11;CAPTURED;MASTERCARD;Nando's JLT
TXN701826;ORD-2024-00378;14851.49;AED;2024-09-19;CAPTURED;VISA;Spinneys Motor City
TXN700176;ORD-2024-00033;13042.05;AED;2024-10-02;CAPTURED;MADA;Lulu Hypermarket
TXN703047;ORD-2024-00622;60.49;SAR;2024-09-06;CAPTURED;MASTERCARD;Lulu Hypermarket
TXN702546;ORD-2024-00522;1181.75;AED;2024-09-11;CAPTURED;AMEX;Jumbo Electronics
TXN703646;ORD-2024-00748;432.1;AED;2024-09-04;CAPTURED;AMEX;Sharaf DG
TXN704296;ORD-2024-00883;14597;SAR;2024-09-17;CAPTURED;MADA;Al Futtaim Trading
TXN703853;ORD-2024-00795;3046.75;AED;2024-09-04;CAPTURED;AMEX;Nando's JLT
TXN704850;ORD-2024-00987;383.49;AED;2024-09-27;CAPTURED;VISA;Émile Boutique
TXN704702;ORD-2024-00958;164.49;SAR;2024-09-29;CAPTURED;VISA;Carrefour Marina
TXN700513;ORD-2024-00102;2354;USD;2024-09-27;CAPTURED;MADA;Émile Boutique
TXN701022;ORD-2024-00208;1892;AED;2024-09-01;CAPTURED;VISA;Spinneys Motor City
TXN703364;ORD-2024-00688;1416.75;AED;2024-09-05;CAPTURED;MASTERCARD;Café Bateel
TXN701485;ORD-2024-00302;7923.99;AED;2024-09-24;CAPTURED;MASTERCARD;Émile Boutique
TXN702003;ORD-2024-00413;1025.49;AED;2024-09-17;CAPTURED;AMEX;Lulu Hypermarket
TXN704430;ORD-2024-00905;834.99;AED;2024-09-19;CAPTURED;MADA;Café Bateel
TXN700953;ORD-2024-00193;36.95;AED;2024-09-18;CAPTURED;MASTERCARD;Jumbo Electronics
TXN700458;ORD-2024-00092;191.49;AED;2024-09-03;CAPTURED;AMEX;Kibsons
TXN703399;ORD-2024-00694;1364;SAR;2024-09-24;CAPTURED;AMEX;Al Futtaim Trading
TXN702214;ORD-2024-00450;1166.5;AED;2024-09-04;CAPTURED;VISA;Müller & Co
TXN701229;ORD-2024-00249;110.99;USD;2024-09-03;CAPTURED;VISA;Lulu Hypermarket
TXN700734;ORD-2024-00148;4114.1;AED;2024-09-15;CAPTURED;VISA;Nando's JLT
TXN702820;ORD-2024-00574;11387.05;EUR;2024-09-15;CAPTURED;AMEX;Spinneys Motor City
TXN703465;ORD-2024-00707;5575.25;AED;2024-09-22;CAPTURED;VISA;Spinneys Motor City
TXN700223;ORD-2024-00044;10018.1;AED;2024-10-01;CAPTURED;VISA;Müller & Co
TXN704628;ORD-2024-00944;8367.49;AED;2024-09-29;CAPTURED;MASTERCARD;Al Futtaim Trading
TXN700684;ORD-2024-00138;89.1;USD;2024-09-27;CAPTURED;VISA;Nando's JLT
TXN703472;ORD-2024-00708;14.25;AED;2024-09-03;CAPTURED;VISA;Émile Boutique
TXN701183;ORD-2024-00241;8528.25;AED;2024-09-28;CAPTURED;AMEX;Kibsons
TXN702743;ORD-2024-00558;131;AED;2024-09-25;CAPTURED;MASTERCARD;Müller & Co
TXN702319;ORD-2024-00470;6919.25;AED;2024-09-18;CAPTURED;AMEX;Sharaf DG
TXN701714;ORD-2024-00350;325;AED;2024-09-17;CAPTURED;AMEX;Müller & Co
TXN700625;ORD-2024-00123;139.49;SAR;2024-09-09;CAPTURED;AMEX;Café Bateel
TXN704748;ORD-2024-00968;1799.95;SAR;2024-09-14;CAPTURED;AMEX;Café Bateel
TXN703655;ORD-2024-00751;2761.25;AED;2024-09-04;CAPTURED;MADA;Café Bateel
TXN702596;ORD-2024-00530;647;AED;2024-09-30;CAPTURED;AMEX;Müller & Co
TXN702720;ORD-2024-00553;12060.1;AED;2024-09-21;CAPTURED;AMEX;Al Maya Group
TXN703065;ORD-2024-00626;13934.25;AED;2024-09-19;CAPTURED;AMEX;Nando's JLT
TXN700255;ORD-2024-00050;9690.99;AED;2024-09-15;CAPTURED;VISA;Kibsons
TXN704865;ORD-2024-00990;5767.05;AED;2024-10-02;CAPTURED;VISA;Sharaf DG
TXN703223;ORD-2024-00657;4955;AED;2024-09-27;CAPTURED;AMEX;Kibsons
TXN700870;ORD-2024-00176;13942.99;AED;2024-09-14;CAPTURED;VISA;Café Bateel
